Shehia314,UniqueID110,UnderstoodMapActivity,TotalGridSq111,MangroveSq112,UnknownSq113,MangroveSqIncrease114,MangroveSqDecrease115,MangroveSqUnsureChng116,YearsUntilCantSee210,YearsFlowersFruit211,Years2Meters212,Years5Meters213,SeawaterChng214,HowMuchHigher215,MangroveCaused216,TimeCollectMangrove217,TimeCollectTerrestrial218,OutsidersCutting220,NumberOutsidersCutting221,KnowOriginOutsiders222,NumberOutsidersShehia223,OutsidersShehiaNames224,NumberOutsideShehiaConservation225,OutsidersShehiaNamesConservation226,BundlesAbleToCollect230,PegsAbleToCollect231,CollectionEnforced232,WhoEnforcesHarvest233,CommunityHasConsArea240,WhoCreatedConsArea241,ClearConsAreaBoundaries242,AreaShouldIncOrDec243,TimesPatrolled244,NumberPlantMember245,NumberPlantOutsider246,NumberPlantingEvents247,PlantingEventsAttended248,PlantingHost249,ShehiaSCC2410,MemberSCC2411,VillageConsCom2412,MemberVillageConsCom2413,BornInShehia315,YearsInShehia316,Age317,Sex318,Village319,Education3110,Occupation3111
Kambini,sh6_1,Yes,30,9,0,2,0,0,5,6,3,4,Higher,NA,Somewhat,5,6,No,0,NA,NA,NA,NA,NA,0,30,No,NA,No,NA,NA,NA,0,0,3,5,NA,TASAF,No,NA,No,NA,No,3,50,NA,Kambini,None,Farmer
Kambini,sh6_2,Yes,30,9,0,4,2,2,10,6,7,15,Same,NA,NA,4,3,No,0,NA,NA,NA,NA,NA,0,50,Yes,CommunityMembers,No,NA,NA,NA,0,30,50,3,0,CommunityMembers,No,NA,No,NA,Yes,NA,38,M,Bondeni,NA,Farmer
Kambini,sh6_3,Yes,30,9,0,3,2,2,6,8,4,6,Higher,1-5,Completely,2,3,Yes,12,Yes,2,Kojani;Kiuyu Minungwini,2,Kojani;Kiuyu,0,0,Yes,CommunityMembers,No,NA,NA,NA,0,50,80,2,2,TASAF,No,NA,No,NA,Yes,NA,62,M,Bondeni,Form4,Fisherman
Kambini,sh6_6,Yes,30,9,0,4,2,2,6,7,3,5,Higher,1-5,Completely,5,3,No,0,NA,NA,NA,NA,NA,5,50,Yes,CommunityMembers,No,NA,NA,NA,0,100,150,5,0,CommunityMembers,No,NA,No,NA,No,10,27,F,Kambini,Form2,Farmer
Kambini,sh6_5,Yes,30,9,0,5,1,3,5,6,3,6,Same,NA,NA,4,3,No,0,NA,NA,NA,NA,NA,2,100,No,NA,No,NA,NA,NA,0,50,50,5,0,CommunityMembers,No,NA,No,NA,Yes,NA,28,F,Kambini,None,Farmer
Kambini,sh6_4,Yes,30,9,0,7,2,0,10,6,7,15,Same,NA,NA,4,6,No,0,NA,NA,NA,NA,NA,2,50,Yes,NA,No,NA,NA,NA,0,50,50,3,0,CommunityMembers,No,NA,No,NA,Yes,NA,60,F,Kambini,None,Farmer
Kambini,sh6_7,Yes,30,9,0,9,0,0,5.5,11,4,7,Higher,11 or more,Completely,3,2,No,0,NA,NA,NA,NA,NA,2,75,No,NA,No,NA,NA,NA,0,50,100,3,2,NA,No,NA,No,NA,Yes,NA,57,NA,Bondeni,Standard5,NA
Kambini,sh6_8,Yes,30,9,0,0,2,0,5,6,3,6,Higher,1-5,Somewhat,5,2,No,0,NA,NA,NA,NA,NA,10,100,No,NA,No,NA,NA,NA,0,50,100,1,1,CommunityMembers,No,NA,No,NA,Yes,NA,80,M,Kambini,None,Farmer
Kambini,sh6_9,Yes,30,9,0,7,2,0,3,3,3,5,Higher,11 or more,Somewhat,5,4,Yes,5,Yes,1,Kiuyu Minungwini,1,Kiuyu Minungwini,4,40,Yes,CommunityMembers,No,NA,NA,NA,0,20,30,5,3,CommunityMembers,No,NA,No,NA,Yes,NA,80,M,Bondeni,Standard5,Farmer
Kambini,sh6_10,Yes,30,9,0,1,2,4,5.5,1.5,3,6,Higher,NA,NA,3,NA,No,0,NA,NA,NA,NA,NA,2,5,No,NA,No,NA,NA,NA,20,5,NA,3,505,NA,No,NA,No,NA,NA,NA,NA,NA,NA,NA,NA
Ukunjwi,sh7_1,Yes,69,25,0,0,6,0,10,12,5,10,Higher,1-5,Completely,4,3,No,0,NA,NA,NA,NA,NA,5,100,Yes,CommunityMembers,No,NA,NA,NA,0,20,100,0,0,NA,No,NA,No,NA,No,61,69,M,Ukunjwi,Standard8,Craftsman
Ukunjwi,sh7_2,Yes,69,25,0,1,5,4,10,2,1,2.5,Higher,1-5,Somewhat,2,1,Yes,5,Yes,2,Mtambwe;Fundo,0,NA,1,20,Yes,Government,No,NA,NA,NA,0,100,1000,0,0,NA,No,NA,No,NA,Yes,NA,34,M,Ukunjwi,Standard12,Fisherman
Ukunjwi,sh7_3,Yes,69,25,0,1,4,4,2,1,3,2,Higher,6-10,Somewhat,3,2,Yes,10,No,,NA,NA,NA,2,50,Yes,CommunityMembers,No,NA,NA,NA,0,20,100,0,0,NA,No,NA,Yes,No,Yes,NA,32,F,Ukunjwi,Form2,NA
Ukunjwi,sh7_4,Yes,69,25,0,14,7,4,10,7,4,6,Higher,6-10,Somewhat,1.5,1,Yes,10,No,NA,NA,NA,NA,3,50,Yes,CommunityMembers,No,NA,NA,NA,0,30,200,0,0,NA,No,NA,No,NA,Yes,NA,32,M,Ukunjwi,Standard12,Fisherman
Ukunjwi,sh7_5,Yes,69,25,0,1,4,1,9,11,3,7,Higher,1-5,Somewhat,2,1.5,No,0,NA,NA,NA,NA,NA,3,100,Yes,CommunityMembers,No,NA,NA,NA,0,60,400,0,0,NA,No,NA,No,NA,No,52,62,M,Ukunjwi,Standard7,Farmer
Ukunjwi,sh7_7,Yes,69,25,0,8,10,14,10,6,2,3,Higher,6-10,Completely,4,3,No,0,NA,NA,NA,NA,NA,4,150,Yes,CommunityMembers,No,NA,NA,NA,0,10,50,0,0,NA,No,NA,No,NA,Yes,NA,26,M,Ukunjwi,Form4,Farmer
Ukunjwi,sh7_8,No,69,25,0,2,0,12,10,5,6,7,Higher,6-10,Somewhat,0.083,2,No,0,NA,NA,NA,NA,NA,6,40,Yes,PembanOrganization,No,NA,NA,NA,0,20,80,40,0,TASAF,No,NA,No,NA,Yes,NA,45,F,Ukunjwi,Standard6,Farmer
Ukunjwi,sh_9,Yes,69,25,0,3,1,5,10,7,3,6,Higher,11 or more,Somewhat,3,4,Yes,4,No,NA,NA,NA,NA,2,50,Yes,CommunityMembers,No,NA,NA,NA,0,50,100,0,0,NA,No,NA,No,NA,Yes,NA,48,F,Ukunjwi,Form3,Farmer
Ukunjwi,sh7_10,No,69,25,0,1,2,0,5,7,3,4,Same,NA,NA,2,1,Yes,5,Yes,3,NA,NA,NA,5,30,Yes,CommunityMembers,Yes,Government,Yes,Increase,2,40,50,1,2,CommunityMembers,Yes,Yes,Yes,Yes,Yes,NA,67,M,Ukunjwi,Standard4,Fisherman
Tumbe Magharibi,sh8_1,Yes,31,11,0,2,2,2,2,12,5,8,Higher,6-10,Completely,2,3,No,0,NA,NA,NA,NA,NA,4,100,Yes,CommunityMembers,No,NA,NA,NA,0,20,100,3,0,CommunityMembers,Yes,No,No,NA,Yes,NA,45,M,Tumbe Magharibi,None,Farmer
Tumbe Magharibi,sh8_2,Yes,31,11,0,2,4,1,7,5,3,9,Higher,6-10,Completely,5,4,Yes,7,Yes,2,Tumbe Mashariki;Kinowe,2,Tumbe Mashariki;Kinowe,5,80,Yes,CommunityMembers,Yes,CommunityMembers,Yes,Increase,3,100,500,20,15,CommunityMembers,Yes,Yes,No,NA,Yes,NA,25,F,Mvuleni,Form2,Craftsman
Tumbe Magharibi,sh8_3,Yes,31,11,0,3,1,1,9,1,3,4,Lower,NA,NA,6,4,No,0,NA,NA,NA,NA,NA,6,300,Yes,CommunityMembers,No,NA,NA,NA,0,100,1000,2,0,CommunityMembers,Yes,No,No,NA,No,15,27,F,Kwasharifu,Standard6,Farmer
Tumbe Magharibi,sh8_4,Yes,31,11,0,5,1,1,10,7,5,9,Higher,1-5,NotAtAll,5,4,No,0,NA,NA,NA,NA,NA,2,30,No,NA,No,NA,NA,NA,0,500,1000,4,0,CommunityMembers,No,NA,No,NA,Yes,NA,21,F,Kwasharifu,Standard6,Farmer
Tumbe Magharibi,sh8_5,Yes,31,11,0,5,4,1,3,7,8,5,Higher,11 or more,Somewhat,10,6,No,0,NA,NA,NA,NA,NA,6,1000,Yes,Government,No,NA,NA,NA,0,100,1000,6,6,CommunityMembers,No,NA,No,NA,Yes,NA,20,F,Tumbe Magharibi,Standard7,NA
Tumbe Magharibi,sh8_6,Yes,31,11,0,5,3,1,3,8,5,10,Higher,11 or more,Completely,6,7,Yes,10,No,NA,NA,NA,NA,7,30,Yes,CommunityMembers,No,NA,NA,NA,0,30,12,7,0,CommunityMembers,No,NA,Yes,Yes,No,10,20,F,Sizini,Form2,Business
Tumbe Magharibi,sh8_7,Yes,31,11,0,4,1,0,8,20,4,8,Higher,1-5,Completely,6,7,Yes,20,Yes,2,Tumbe Mashariki;Kinowe,2,Tumbe Mashariki;Kinowe,2,100,Yes,CommunityMembers,Yes,CommunityMembers,Yes,Decrease,0,300,600,80,6,CommunityMembers,Yes,No,Yes,No,Yes,NA,51,M,Tumbe Magharibi,Standard4,Fisherman
Tumbe Magharibi,sh8_8,Yes,31,11,0,1,4,3,2,3,0.5,1,Higher,11 or more,Somewhat,6,7,Yes,9,Yes,2,Tumbe Mashariki;Kinowe,2,Tumbe Mashariki;Kinowe,3,2,Yes,CommunityMembers,Yes,CommunityMembers,Yes,Increase,62,200,400,1,1,CommunityMembers,Yes,No,Yes,No,Yes,NA,42,M,Kidongona,Form4,Government
Tumbe Magharibi,sh8_9,Yes,31,11,0,7,3,0,10,12,6,15,Same,NA,NA,5,4,Yes,10,Yes,2,Tumbe Mashariki;Kinowe,2,Tumbe Mashariki;Kinowe,2,4,Yes,CommunityMembers,Yes,CommunityMembers,Yes,Decrease,20,500,700,260,260,CommunityMembers,Yes,Yes,No,NA,Yes,NA,61,M,Kidongona,Form3,Farmer
Tumbe Magharibi,sh8_10,Yes,31,11,0,1,1,1,7,15,1,2,Same,NA,NA,4,3,Yes,6,Yes,2,Kinowe;NA,1,Kinowe,2,1,Yes,CommunityMembers,Yes,CommunityMembers,Yes,Decrease,36,100,200,1,1,CommunityMembers,Yes,No,Yes,No,Yes,NA,47,M,Tumbe Magharibi,Base,Business
Gando,sh9_1,Yes,62,23,0,1,2,16,5,8,3,21,Higher,11 or more,Somewhat,2,3,Yes,6,No,NA,NA,NA,NA,1,50,Yes,PembanOrganization,No,NA,NA,NA,0,10,2,4,0,CommunityMembers,No,NA,No,NA,Yes,NA,40,F,Chokani,None,Farmer
Gando,sh9_2,Yes,62,23,0,0,6,4,2,9,11,22,Higher,11 or more,Somewhat,2,3,Yes,5,No,NA,NA,NA,NA,1,30,Yes,PembanOrganization,No,NA,NA,NA,0,15,3,2,0,CommunityMembers,No,NA,No,NA,No,6,23,F,Chokani,Form2,Farmer
Gando,sh9_3,Yes,62,23,0,0,5,18,8,10,11,20,Higher,6-10,Somewhat,2,3,Yes,3,Yes,3,Kiuyu;Fundo;Mkiawa Ngombe,NA,NA,0.5,50,Yes,CommunityMembers,Yes,CommunityMembers,No,Decrease,0,10,50,2,0,CommunityMembers,No,NA,No,NA,No,10,30,F,Chokani,None,Farmer
Gando,sh9_4,Yes,62,23,0,1,1,2,NA,10,3,12,Higher,6-10,NotAtAll,3,4,No,0,NA,NA,NA,NA,NA,0.5,60,Yes,Government,Yes,Government,No,Increase,0,20,200,3,0,CommunityMembers,No,NA,No,NA,Yes,NA,50,F,Chokani,None,Farmer
Gando,sh9_5,Yes,62,23,0,0,4,2,7,10,4,14,Higher,11 or more,NotAtAll,1,4,Yes,3,Yes,2,Fundo;Kiuyu,0,NA,1,100,Yes,CommunityMembers,Yes,CommunityMembers,Yes,Increase,6,50,100,3,2,CommunityMembers,Yes,Yes,No,NA,Yes,NA,54,M,Chokani,Form2,Fisherman
Gando,sh9_6,Yes,62,23,0,0,2,2,2,5,3,4,Higher,1-5,Somewhat,2,2,Yes,6,Yes,4,Kiuyu;Fundo;Tondoni;Mkiawa Ngombe,3,Kiuyu;Fundo;Mkiawa Ngombe,1,50,No,NA,Yes,CommunityMembers,No,Decrease,0,10,40,2,1,CommunityMembers,No,NA,No,NA,Yes,NA,40,M,Chokani,Standard7,Business
Gando,sh9_7,Yes,62,23,0,2,1,1,5,9,3,7,Same,NA,NA,2,3,Yes,4,No,NA,NA,NA,NA,1,100,No,NA,No,NA,NA,NA,0,50,60,3,0,CommunityMembers,Yes,No,No,NA,Yes,NA,25,M,Chokani,Standard7,Fisherman
Gando,sh9_8,No,62,23,0,1,1,1,5,10,13,15,Higher,11 or more,Somewhat,2,3,Yes,5,Yes,2,Fundo;Junguni,2,Fundi;Junguni,2,10,No,NA,No,NA,NA,NA,0,500,1000,3,1,CommunityMembers,Yes,No,No,NA,No,30,41,M,Chokani,Form2,Fisherman
Gando,sh9_9,Yes,62,23,0,1,2,2,5,5,2,5,Same,NA,NA,2,1,Yes,10,Yes,2,Fundo;Kiuyu,2,Kiuyu,2,100,Yes,CommunityMembers,Yes,CommunityMembers,Yes,Increase,3,100,1000,2,2,CommunityMembers,Yes,No,No,NA,Yes,NA,27,M,Chokani,Form2,Fisherman
Gando,sh9_10,Yes,62,23,0,3,1,1,2,8,5,7,Higher,6-10,Somewhat,3,1,Yes,2,Yes,3,NA,NA,NA,1,4,No,NA,No,NA,NA,NA,0,15,10,2,1,TASAF,Yes,No,No,NA,Yes,NA,22,M,Chokani,None,Fisherman
Junguni,sh10_1,Yes,44,8,0,3,3,0,10,12,4,7,Higher,6-10,Completely,7,4,Yes,20,Yes,1,Gando,1,Gando,2,100,Yes,CommunityMembers,No,NA,NA,NA,0,100,1000,0,0,CommunityMembers,No,NA,No,NA,Yes,NA,53,M,Misooni,Standard11,Farmer
Junguni,sh10_2,Yes,44,8,0,1,2,1,10,8,5,4,Same,NA,NA,2,3,No,0,NA,NA,NA,NA,NA,2,50,Yes,CommunityMembers,No,NA,NA,NA,0,30,50,0,0,NA,No,NA,No,NA,Yes,NA,25,F,Misooni,Form2,Business
Junguni,sh10_3,Yes,44,8,0,2,1,1,4,6,1,3,Higher,6-10,Somewhat,3,4,No,0,NA,NA,NA,NA,NA,2,100,Yes,CommunityMembers,Yes,PembanOrganization,Yes,Increase,0,7,10,2,2,CommunityMembers,No,NA,No,NA,Yes,NA,22,F,Misooni,Standard5,Farmer
Junguni,sh10_4,Yes,44,8,0,1,1,1,5,4,2,5,Same,NA,NA,1,2,No,0,NA,NA,NA,NA,NA,2,100,Yes,CommunityMembers,No,NA,NA,NA,0,20,50,0,0,NA,No,NA,No,NA,No,27,47,F,Misooni,Form2,Business
Junguni,sh10_5,Yes,44,8,0,2,1,1,5,3,4,7,Higher,6-10,Completely,2,3,No,0,NA,NA,NA,NA,NA,3,90,Yes,CommunityMembers,Yes,CommunityMembers,No,Increase,0,5,50,2,2,CommunityMembers,No,NA,No,NA,Yes,NA,23,F,Misooni,Form2,Business
Junguni,sh10_6,Yes,44,8,0,4,3,0,9,11,3,5,Higher,11 or more,Completely,3,1,No,0,NA,NA,NA,NA,NA,4,200,Yes,Government,Yes,CommunityMembers,Yes,Increase,1,50,30,2,2,CommunityMembers,Yes,Yes,Yes,Yes,Yes,NA,19,M,Misooni,Form4,Farmer
Junguni,sh10_7,Yes,44,8,0,1,2,2,10,5,10,5,Higher,6-10,NotAtAll,3,3,No,0,NA,NA,NA,NA,NA,5,100,Yes,Government,Yes,CommunityMembers,No,Increase,1,30,50,2,2,CommunityMembers,No,NA,Yes,Yes,No,4,20,M,Misooni,Form4,Livestock
Junguni,sh10_8,Yes,44,8,0,3,1,2,3,1,1,2,Higher,11 or more,Completely,4,7,No,0,NA,NA,NA,NA,NA,2,100,Yes,PembanOrganization,Yes,CommunityMembers,No,Decrease,0,50,110,3,0,NA,No,NA,No,NA,Yes,NA,21,M,Misooni,Form2,Fisherman
Junguni,sh10_10,Yes,44,8,0,1,1,2,7,5,2,4,Higher,1-5,Somewhat,2,1,No,0,NA,NA,NA,NA,NA,10,100,Yes,CommunityMembers,No,NA,NA,NA,0,5,15,1,0,CommunityMembers,No,NA,No,NA,Yes,NA,40,F,Misooni,Standard6,Farmer
Kiuyu Minungwini,sh3_1,Yes,20,11,0,2,9,0,5,5.5,4,5.5,Same,NA,NA,0.083,2,Yes,10,Yes,3,Kojani;Kambini;Kangagani,2,Kojani;Kambini,5,80,Yes,CommunityMembers,Yes,CommunityMembers,Yes,Increase,3,NA,NA,3,3,CommunityMembers,No,NA,Yes,Yes,Yes,NA,49,M,Mjiji Kiuyu,Form3,Farmer
Kiuyu Minungwini,sh3_2,Yes,20,11,0,1,9,0,15,15,4,7,Higher,6-10,Completely,5,2,No,0,NA,NA,NA,NA,NA,6,300,Yes,CommunityMembers,Yes,CommunityMembers,Yes,Decrease,0,100,200,1,1,CommunityMembers,Yes,No,Yes,No,Yes,NA,46,M,Mjiji Kiuyu,Form4,Farmer
Kiuyu Minungwini,sh3_3,Yes,20,11,0,9,2,0,5,7,3.5,2.5,Higher,11 or more,Completely,3,6,Yes,3,Yes,3,Kambini;Kojani;Kiuyu,0,NA,15,1000,Yes,NA,Yes,NA,Yes,Increase,0,25,50,3,NA,NA,Yes,Yes,Yes,No,Yes,NA,49,M,Mjiji Kiuyu,Standard6,NA
Kiuyu Minungwini,sh3_4,Yes,20,11,0,3,1,0,5,20,4,7,Same,NA,NA,3,2,Yes,2,Yes,3,"Kojani;Kambini,Kangagani",1,Kojani,5,120,Yes,Government,Yes,CommunityMembers,Yes,NA,100,150,170,3,2,CommunityMembers,Yes,Yes,Yes,Yes,Yes,NA,50,M,Mjiji Kiuyu,Standard5,Fisherman
Kiuyu Minungwini,sh3_5,Yes,20,11,0,2,2,0,5,6,7,15,Same,NA,NA,4,2,Yes,2,Yes,2,Kiuyu;Kambini,0,NA,24,2000,Yes,PembanOrganization,Yes,CommunityMembers,Yes,NA,12,1000,NA,9,8,NA,Yes,Yes,Yes,Yes,NA,NA,50,M,Mjiji Kiuyu,NA,Farmer
Kiuyu Minungwini,sh3_6,Yes,20,11,0,1,3,0,5,6,6,14,Same,NA,NA,4,2,Yes,5,Yes,2,Kuiyu;Kambini,1,Kiuyu,24,Yes,Yes,Government,Yes,NA,Yes,NA,13,1000,10,NA,NA,NA,Yes,Yes,Yes,Yes,NA,NA,NA,NA,NA,NA,NA
Kiuyu Minungwini,sh3_7,Yes,20,11,0,1,10,0,10,18,2,5,Higher,11 or more,Completely,5,6,No,NA,NA,NA,NA,NA,NA,20,200,Yes,CommunityMembers,Yes,CommunityMembers,Yes,Increase,8,20,50,3,1,CommunityMembers,Yes,No,Yes,No,No,20,50,F,Mjiji Kiuyu,Standard10,Farmer
Kiuyu Minungwini,sh3_8,Yes,20,11,0,4,2,1,5,15,5,6,Same,NA,NA,4,5,Yes,2,Yes,2,Kojani;Kambini,2,Kojani;Kambini,3,100,Yes,CommunityMembers,Yes,CommunityMembers,Yes,Increase,0,5,10,3,1,CommunityMembers,Yes,No,Yes,No,Yes,NA,50,F,Mjiji Kiuyu,Form3,Farmer
Kiuyu Minungwini,sh3_9,Yes,20,11,0,2,3,1,15,13,6,8,Higher,6-10,Somewhat,5.5,3.5,Yes,10,Yes,1,Kambini,1,Kambini,4,50,Yes,CommunityMembers,Yes,CommunityMembers,Yes,Increase,2,50,150,5,2,CommunityMembers,Yes,No,Yes,No,Yes,NA,21,F,Mjiji Kiuyu,Form4,Farmer
Tibirinzi,sh4_1,Yes,28,17,0,9,8,0,5,2,4,20,Higher,1-5,Somewhat,2,4,Yes,5,Yes,3,Mkoroshoni;Kichungwani;Wesha,0,NA,2,150,Yes,CommunityMembers,No,NA,NA,NA,0,100,50,2,2,TASAF,No,NA,No,NA,Yes,NA,70,M,Mguye,Standard7,Farmer
Tibirinzi,sh4_2,Yes,28,17,0,10,7,0,20,15,3,4,Higher,6-10,Completely,3,2,No,0,NA,NA,NA,NA,NA,2,100,Yes,CommunityMembers,No,NA,NA,NA,0,100,300,2,2,CommunityMembers,No,NA,No,NA,Yes,NA,34,M,Pondeani,Form4,Business
Tibirinzi,sh4_3,Yes,28,17,0,9,5,3,5,2,1,3,Higher,1-5,Somewhat,3,2,No,0,NA,NA,NA,NA,NA,4,8,Yes,CommunityMembers,No,NA,NA,NA,0,50,25,4,1,TASAF,No,NA,No,NA,Yes,NA,22,F,Tibirinzi,Form4,Craftsman
Tibirinzi,sh4_4,Yes,28,17,0,5,6,1,3,1,40,40,Higher,11 or more,Somewhat,30,20,Yes,6,Yes,3,Kichungwani;Wesha;Msingini,2,Wesha;Kichungwani,4,100,Yes,CommunityMembers,Yes,PembanOrganization,Yes,Increase,15,5,10,60,100,CommunityMembers,Yes,Yes,Yes,No,No,10,29,F,Mguye,Form3,Farmer
Tibirinzi,sh4_5,Yes,28,17,0,16,1,0,15,10,4,6,Higher,6-10,NotAtAll,3,2.5,No,0,NA,NA,NA,NA,NA,5,60,Yes,CommunityMembers,No,NA,NA,NA,0,20,50,2,2,TASAF,No,NA,No,NA,No,35,43,M,Pondeani,Form3,Business
Tibirinzi,sh4_6,Yes,28,17,0,7,5,2,3,1,40,30,Same,NA,NA,5,7,No,0,NA,NA,NA,NA,NA,3,7,Yes,CommunityMembers,No,NA,NA,NA,0,300,500,3,0,TASAF,Yes,No,No,NA,Yes,NA,22,F,Pondeani,Standard12,Craftsman
Tibirinzi,sh4_7,Yes,28,17,0,10,1,3,5,7,2,3.5,Higher,11 or more,Somewhat,6,9.5,No,0,NA,NA,NA,NA,NA,7,30,Yes,CommunityMembers,No,NA,NA,NA,0,50,100,1,1,CommunityMembers,Yes,No,No,NA,Yes,NA,58,M,Mguye,Form3,Craftsman
Tibirinzi,sh4_8,Yes,28,17,0,1,2,1,3,1,3,5,Higher,6-10,NotAtAll,2,5,Yes,4,Yes,2,Wesha;Kichungwani,0,NA,1,200,Yes,CommunityMembers,No,NA,NA,NA,2,20,100,3,3,TASAF,No,NA,No,NA,Yes,NA,33,M,Pondeani,Form6,Farmer
Tibirinzi,sh4_9,Yes,28,17,0,3,1,13,5,4,3,6,Higher,6-10,Somewhat,5,6,No,0,NA,NA,NA,NA,NA,2,20,Yes,CommunityMembers,No,NA,NA,NA,0,200,300,4,4,TASAF,No,NA,No,NA,Yes,NA,65,M,Pondeani,None,Farmer
Tibirinzi,sh4_10,Yes,28,17,0,8,4,0,15,10,3,6,Higher,6-10,Completely,4,2,Yes,5,No,NA,NA,NA,NA,2,150,Yes,PembanOrganization,No,NA,NA,NA,0,20,50,2,0,CommunityMembers,No,NA,No,NA,Yes,NA,24,M,Tibirinzi,NA,NA
Tibirinzi,sh4_11,Yes,28,17,0,8,5,4,10,2,1,2.5,Higher,11 or more,Completely,3,2,No,0,NA,NA,NA,NA,NA,2,150,Yes,CommunityMembers,No,NA,NA,NA,0,30,100,6,4,TASAF,No,NA,No,NA,Yes,NA,26,F,Pondeani,Undergraduate,Business
Kangagani,sh5_1,Yes,81,11,0,3,3,2,6,5,2,4,Higher,11 or more,NotAtAll,5,4,Yes,12,Yes,2,Mjini Kiuyu; Mjini Ole,1,NA,2,10,No,NA,No,NA,NA,NA,0,10,15,4,0,TASAF,Yes,Yes,Yes,Yes,Yes,NA,36,M,Makombani,NA,Government
Kangagani,sh5_2,Yes,81,11,0,3,6,1,5,4,2,3,Higher,6-10,Somewhat,6,4,Yes,6,Yes,1,Kojani,1,Kojani,2,25,Yes,CommunityMembers,No,NA,NA,NA,0,10,20,0,0,NA,Yes,No,No,NA,Yes,NA,36,F,Majenzia,Form2,Farmer
Kangagani,sh5_3,Yes,81,11,0,0,6,2,20,10,7,9,Higher,6-10,Completely,3,2,No,0,NA,NA,NA,NA,NA,3,2,Yes,CommunityMembers,No,NA,NA,NA,0,100,220,3,0,CommunityMembers,Yes,No,No,NA,Yes,NA,57,F,Kangagani,Undergraduate,Government
Kangagani,sh5_4,Yes,81,11,0,0,5,5,10,15,10,20,Higher,11 or more,Completely,2,3,Yes,10,Yes,2,Kajani;Mjini Kiuyu,0,NA,1,2,Yes,CommunityMembers,No,NA,NA,NA,0,1000,2000,0,NA,NA,No,NA,No,NA,Yes,NA,32,F,Kangagani,Form4,Farmer
Kangagani,sh5_5,Yes,81,11,0,2,4,2,10,11,2,4,Higher,1-5,Somewhat,4.5,5.5,Yes,5,Yes,3,Kiuyu; Ole; Nji Ole,0,NA,2,50,Yes,CommunityMembers,No,NA,NA,NA,0,10,30,0,NA,NA,Yes,No,Yes,No,No,40,49,F,Kangagani,Form3,Farmer
Kangagani,sh5_6,Yes,81,11,0,3,3,2,10,5,3,6,Same,NA,NA,3,2,Yes,18,Yes,4,Kojani;Mjini Kiuyu;Mjini Ole;Kambini,2,Kojani;Mjini Ole,50,100,Yes,CommunityMembers,No,NA,NA,NA,0,200,500,0,0,NA,No,NA,No,NA,Yes,NA,32,M,Kangagani,Standard4,Farmer
Kangagani,sh5_7,Yes,81,11,0,3,3,2,3,2,7,6,Higher,11 or more,Somewhat,4.3,5.25,No,0,NA,NA,NA,NA,NA,10,100,No,PembanOrganization,Yes,PembanOrganization,Yes,Decrease,0,100,100,0,NA,NA,No,NA,No,NA,Yes,NA,70,M,Monduli,Srandard8,Farmer
Kangagani,sh5_8,Yes,81,11,0,7,4,0,3,4,1,3,Same,NA,NA,3,5,Yes,5,Yes,4,Mjini Ole;Mjiji Kiuyu;Kojani;Kambini,1,Mjini Ole,4,40,Yes,CommunityMembers,No,NA,NA,NA,0,100,500,1,0,CommunityMembers,No,NA,No,NA,Yes,NA,31,M,Kangagani,Form4,Farmer
Kangagani,sh5_9,Yes,81,11,0,3,4,1,5,4,2.5,4,Higher,1-5,NotAtAll,3,2.5,No,0,NA,NA,NA,NA,NA,1.5,80,Yes,CommunityMembers,Yes,Government,Yes,Increase,0,80,120,2,0,CommunityMembers,No,NA,No,NA,No,24,63,M,Kangagani,Standard7,Craftsman
Kangagani,sh5_10,Yes,81,11,0,8,3,0,5,6,2,3,Same,NA,NA,4,6,Yes,10,Yes,3,Kambini;Kojani;Mjini Kiuyu,2,Kambini;Kojani,4,1000,Yes,CommunityMembers,Yes,Government,Yes,Increase,1,50,200,2,1,CommunityMembers,Yes,Yes,Yes,No,Yes,NA,62,M,Mwaodoo,Undergraduate,Farmer
Mtambwe Kusini,sh2_1,Yes,100,34,0,22,9,0,5,5,6,10,Same,NA,NA,NA,NA,Yes,10,Yes,5,Kisiwani;Piki;Kichungwani;Mgagoni;Mkungu,0,NA,1,20,Yes,CommunityMembers,Yes,NA,No,NA,0,55,70,1,0,CommunityMembers,No,NA,Yes,No,Yes,NA,80,F,Makongeni,Standard9,NA
Mtambwe Kusini,sh2_2,Yes,100,34,0,14,8,0,5,7,5,6.5,Higher,1-5,Completely,3,1,Yes,20,Yes,3,Piki;Ndagoni;Kichungwani,3,Piki;Ndagoni;Kichungwani,2,40,Yes,CommunityMembers,No,NA,NA,NA,0,10,50,1,2,CommunityMembers,Yes,Yes,No,NA,Yes,NA,60,M,Kiuumoni,Standard12,Fisherman
Mtambwe Kusini,sh2_3,Yes,100,34,0,4,8,19,10,8,3,7,Higher,1-5,Somewhat,0.5,2,Yes,2,Yes,2,Kichungwani;Ndagoni,1,Kichungwani,2,20,No,NA,No,NA,NA,NA,0,20,50,0,NA,NA,No,NA,Yes,No,Yes,NA,40,F,Makogeni,None,Farmer
Mtambwe Kusini,sh2_4,Yes,100,34,0,11,9,4,10,7,4,6,Higher,6-10,Somewhat,3,2.5,Yes,10,Yes,6,Ziwani;Ndagoni;Piki;Kisiwani;NA;NA,4,Kisiwani;Piki;Ziwani;Ndagoni,1,100,Yes,CommunityMembers,Yes,CommunityMembers,No,Decrease,5,50,100,2,2,CommunityMembers,Yes,Yes,No,NA,Yes,NA,38,M,Makongeni,Form4,Farmer
Mtambwe Kusini,sh2_5,Yes,100,34,0,10,21,3,10,6,6,10,Higher,1-5,Somewhat,2,1.5,No,0,NA,NA,NA,NA,NA,0.25,20,Yes,CommunityMembers,No,NA,NA,NA,0,50,100,1,0,CommunityMembers,Yes,No,Yes,No,No,20,42,F,Makongeni,Standard7,Business
Mtambwe Kusini,sh2_6,Yes,100,34,0,32,2,2,6,10,5,NA,Higher,6-10,NotAtAll,2.25,2,Yes,10,Yes,3,Ndagoni;Kwale;Mkumbuu,0,NA,1,20,Yes,Government,No,NA,NA,NA,0,10,20,0,NA,NA,Yes,No,No,NA,Yes,NA,50,F,Makongeni,Standard7,Business
Mtambwe Kusini,sh2_7,No,100,34,0,NA,NA,NA,5,10,2,6,Higher,11 or more,NotAtAll,1,2,Yes,5,Yes,3,NA,2,NA,10,90,Yes,CommunityMembers,No,NA,NA,NA,20,0,100,1,1,CommunityMembers,Yes,No,No,NA,Yes,NA,31,M,Makongeni,NA,NA
Mtambwe Kusini,sh2_8,No,100,34,0,NA,NA,NA,5,10,2,6,Higher,11 or more,Somewhat,1,2,Yes,5,Yes,3,Mkumbuu;Kichuuwani;Mtambwe Kaskazini,2,Mkumbuu;Kichuwani,10,90,Yes,CommunityMembers,No,NA,NA,NA,0,50,100,1,1,CommunityMembers,Yes,No,No,NA,Yes,NA,42,M,Makongeni,Standard7,Craftsman
Mtambwe Kusini,sh2_9,Yes,100,34,0,15,6,0,10,5,3,7,Higher,1-5,Somewhat,2,3,Yes,4,Yes,5,Ndagoni;Kichuwani;Mtabbwe Kaskazini;Piki;Kisiwani,1,Ndagoni,3,100,Yes,CommunityMembers,Yes,CommunityMembers,Yes,Increase,0,100,50,0,NA,NA,Yes,No,Yes,No,Yes,NA,50,M,Makongeni,Secondary,NA
Mtambwe Kusini,sh2_10,Yes,100,34,0,23,4,1,5,5,7,10,Higher,6-10,Somewhat,4,3,Yes,10,Yes,5,Ndagoni;Mtambwe Kaskazini;Kichuwani;Birikau;Kisiwani,3,Mtambwe Kaskazini;Birikau;Ndagoni,2,20,Yes,CommunityMembers,Yes,CommunityMembers,Yes,Increase,0,10,50,2,1,TASAF,Yes,No,No,NA,No,22,44,F,Makongeni,Form4,Fisherman
Mtambwe Kaskazini,sh1_1,Yes,93,35,0,10,5,19,10,5,2,4,Same,NA,NA,2,3,No,0,NA,NA,NA,NA,NA,1,40,No,NA,Yes,Government,No,Increase,0,0,0,6,0,TASAF,Yes,No,No,NA,Yes,NA,53,M,Nyali,Form3,Farmer
Mtambwe Kaskazini,sh1_2,Yes,93,35,0,14,14,6,6.5,8,4,7.5,Higher,6-10,Completely,3.5,4.25,No,0,NA,NA,NA,NA,NA,3,500,Yes,CommunityMembers,No,NA,NA,NA,0,57,100,7,0,TASAF,No,NA,No,NA,Yes,NA,64,M,Nyali,Form4,Government
Mtambwe Kaskazini,sh1_3,Yes,93,35,0,22,9,4,10,15,7,14,Same,NA,NA,2,1,No,0,NA,NA,NA,NA,NA,3,50,No,NA,No,NA,NA,NA,0,10,10,0,NA,NA,No,NA,No,NA,Yes,NA,35,F,Nyali,Form2,NA
Mtambwe Kaskazini,sh1_4,Yes,93,35,0,27,5,3,12,15,7,9,Higher,1-5,NotAtAll,2,2,No,0,NA,NA,NA,NA,NA,1,500,Yes,PembanOrganization,Yes,PembanOrganization,NA,NA,0,10,10,0,NA,NA,No,NA,No,NA,No,18,45,F,Nyali,chekechea,Farmer
Mtambwe Kaskazini,sh1_5,Yes,93,35,0,20,11,4,12,15,8,18,Higher,11 or more,NotAtAll,2,4,No,0,NA,NA,NA,NA,NA,1,50,Yes,PembanOrganization,No,NA,NA,NA,0,10,10,0,NA,NA,No,NA,No,NA,Yes,NA,52,F,Nyali,Standard11,NA
Mtambwe Kaskazini,sh1_6,Yes,93,35,0,14,15,8,12,15,7,9,Higher,1-5,NotAtAll,2,4,No,0,NA,NA,NA,NA,NA,1,20,Yes,PembanOrganization,No,NA,NA,NA,0,10,10,0,NA,NA,No,NA,No,NA,Yes,NA,45,F,Nyali,Standard3,Farmer
Mtambwe Kaskazini,sh1_7,Yes,93,35,0,26,2,4,10,13,5,9,Lower,NA,NA,1.5,1,Yes,2,No,NA,NA,NA,NA,2,200,Yes,CommunityMembers,No,NA,NA,NA,0,200,500,2,2,TASAF,No,NA,No,NA,Yes,NA,51,M,Nyali,Form3,Craftsman
Mtambwe Kaskazini,sh1_8,Yes,93,35,0,13,2,10,4,6,2,4,Higher,1-5,Completely,2,3,Yes,4,No,NA,NA,NA,NA,5,5,Yes,CommunityMembers,No,NA,NA,NA,3,50,3,5,0,CommunityMembers,No,NA,No,NA,Yes,NA,60,M,Nyali,NA,Farmer
Mtambwe Kaskazini,sh1_9,Yes,93,35,0,9,5,6,7,10,3,12,Higher,11 or more,Completely,4,5,No,0,NA,NA,NA,NA,NA,2,30,No,NA,No,NA,NA,NA,0,50,50,5,0,TASAF,Yes,Yes,Yes,No,Yes,NA,65,F,Nyali,Standard10,Farmer
Mtambwe Kaskazini,sh1_10,Yes,93,35,0,18,12,5,12,10,4,7,Higher,1-5,Somewhat,3,2,Yes,30,Yes,2,Jadida;Limbani,1,Jadida,2,200,Yes,Government,No,NA,NA,NA,0,300,1000,0,NA,NA,Yes,No,No,NA,Yes,NA,57,M,Nyali,Form3,Farmer
Tumbe Mashariki,sh11_1,Yes,23,12,0,4,5,1,20,7,2,5,Higher,11 or more,Somewhat,5,3,Yes,25,Yes,2,Tumbe Magharibi;Sizini,2,Tumbe Magharibi;Sizini,2,300,Yes,CommunityMembers,Yes,CommunityMembers,Yes,Increase,0,50,200,6,3,TASAF,Yes,No,Yes,No,Yes,NA,42,M,Miembeni,Form4,Fisherman
Tumbe Mashariki,sh11_2,Yes,23,12,0,3,2,3,7,12,4,7,Higher,6-10,Somewhat,4,5,Yes,20,Yes,2,Tumbe Magharibi;Sizini,1,Tumbe Magharibi,1,120,Yes,Government,Yes,CommunityMembers,Yes,Increase,0,50,80,10,4,CommunityMembers,Yes,No,No,NA,Yes,NA,27,M,Kikunguni,Form4,Farmer
Tumbe Mashariki,sh11_3,Yes,23,12,0,3,6,3,4,3,1.5,3,Higher,6-10,Somewhat,2.5,3,Yes,20,Yes,2,Tumbe Magharibi;Sizini,1,Tumbe Magharibi,3,100,Yes,CommunityMembers,Yes,CommunityMembers,Yes,Increase,5,25,50,2,1,CommunityMembers,Yes,No,No,NA,Yes,NA,23,F,Makadara,Form4,Craftsman
Tumbe Mashariki,sh11_4,Yes,23,12,0,2,5,4,5,6,2,4,Higher,6-10,Completely,2,3,No,0,NA,NA,NA,NA,NA,2,2000,Yes,CommunityMembers,Yes,CommunityMembers,Yes,Increase,4,10,1000,2,1,CommunityMembers,Yes,Yes,Yes,Yes,Yes,NA,21,F,Nduwaroni,None,Business
Tumbe Mashariki,sh11_5,Yes,23,12,0,3,6,1,5,6,2,3,Higher,6-10,Completely,2,3,Yes,3,Yes,4,Shumba;Tumbe Magharibi;Mihogoni;NA,NA,NA,2,2000,Yes,Government,Yes,CommunityMembers,Yes,Increase,3,1000,2000,2,2,Government,Yes,Yes,Yes,Yes,No,22,45,F,Tumbe Kojifa,Standard6,Business
Tumbe Mashariki,sh11_6,Yes,23,12,0,7,3,1,3,4,2,6,Higher,11 or more,Completely,4,5,Yes,10,Yes,4,Tumbe Magharibi;Kinowe;NA;NA,2,Kinowe;NA,2,50,Yes,PembanOrganization,Yes,CommunityMembers,Yes,Increase,3,40,80,3,1,TASAF,Yes,No,Yes,No,No,36,65,M,Tumbe Nyikon,None,Farmer
Tumbe Mashariki,sh11_7,Yes,23,12,0,0,12,0,5,0.58,4,10,Higher,11 or more,Completely,7,7,Yes,15,No,NA,NA,NA,NA,1,50,Yes,CommunityMembers,Yes,CommunityMembers,Yes,Increase,30,100,1000,30,30,CommunityMembers,Yes,Yes,Yes,Yes,Yes,NA,19,M,Tumbe Kojifa,Form3,Craftsman
Tumbe Mashariki,sh11_8,Yes,23,12,0,0,0,12,5,3,4,6,Higher,6-10,Completely,3,5,No,0,NA,NA,NA,NA,NA,3,500,Yes,CommunityMembers,Yes,CommunityMembers,Yes,Increase,7,20,30,3,2,CommunityMembers,Yes,Yes,No,No,Yes,NA,27,F,Tumbe Kojifa,Form4,Business
Tumbe Mashariki,sh11_9,Yes,23,12,0,1,6,5,4.5,4,2,6,Higher,6-10,Somewhat,8,5,No,0,NA,NA,NA,NA,NA,2,50,Yes,CommunityMembers,Yes,CommunityMembers,Yes,Increase,0,100,200,10,7,TASAF,Yes,Yes,Yes,No,Yes,NA,22,M,Tumbe Kojifa,Form4,Livestock
Tumbe Mashariki,sh11_10,Yes,23,12,0,5,5,1,5,3,4,10,Higher,6-10,Somewhat,8,5,Yes,12,Yes,2,Tumbe Magharibi;Sizini,2,Tumbe Magharibi;Sizini,1,400,Yes,CommunityMembers,Yes,CommunityMembers,Yes,Increase,10,50,100,3,3,CommunityMembers,Yes,Yes,Yes,Yes,Yes,NA,37,M,Tumbe Kojifa,Form4,Business
Kilindi,sh12_1,Yes,90,50,0,3,1,4,10,20,7,9,Higher,11 or more,Completely,3,2,Yes,2,No,NA,NA,NA,NA,10,50,Yes,Government,Yes,CommunityMembers,Yes,Increase,0,50,200,1,1,TASAF,Yes,No,No,NA,Yes,NA,55,F,Kuungeni,None,Farmer
Kilindi,sh12_2,Yes,90,50,0,3,0,4,10,7,3,5,Higher,6-10,Somewhat,1,0.5,Yes,2,Yes,1,Wambaa,0,NA,1,50,Yes,CommunityMembers,No,NA,NA,NA,0,30,50,2,0,TASAF,No,NA,No,NA,Yes,NA,40,M,Tundauwa,Standard6,Farmer
Kilindi,sh12_3,Yes,90,50,0,4,0,9,20,10,1.5,3.5,Same,NA,NA,0.5,0.5,No,0,NA,NA,NA,NA,NA,0.5,30,Yes,CommunityMembers,No,NA,NA,NA,0,50,200,1,1,TASAF,Yes,Yes,Yes,Yes,Yes,NA,35,M,Kuungeni,Form4,Farmer
Kilindi,sh12_4,Yes,90,50,0,28,4,3,5,3,6,4,Higher,11 or more,Completely,3,2,Yes,10,Yes,5,NA,1,NA,3,20,Yes,CommunityMembers,Yes,CommunityMembers,Yes,Increase,6,200,500,3,3,TASAF,Yes,No,No,NA,Yes,NA,22,F,Papani,Form1,Farmer
Kilindi,sh12_5,Yes,90,50,0,11,1,10,10,5,2,3.5,Higher,6-10,NotAtAll,3,2,Yes,7,No,NA,NA,NA,NA,1,21,Yes,CommunityMembers,Yes,CommunityMembers,No,Increase,0,50,50,1,1,TASAF,No,NA,No,NA,Yes,NA,30,F,Papani,Form2,Fisherman
Kilindi,sh12_6,Yes,90,50,0,11,5,13,10,15,1,3,Higher,6-10,Somewhat,3,2,Yes,10,No,NA,NA,NA,NA,1,100,Yes,CommunityMembers,No,NA,NA,NA,0,20,100,3,0,CommunityMembers,Yes,No,No,NA,Yes,NA,22,F,Tandani,Form4,Craftsman
Kilindi,sh12_7,Yes,90,50,0,17,14,4,4,6,3,8,Higher,11 or more,Completely,6,5,Yes,10,Yes,2,Wambaa;Mgelema,1,Mgelema,5,20,Yes,CommunityMembers,Yes,CommunityMembers,Yes,Increase,4,300,400,3,3,TASAF,Yes,Yes,No,NA,Yes,NA,65,F,Mbuyuni,Standard6,Farmer
Kilindi,sh12_8,Yes,90,50,0,34,0,7,6,6,2,3,Higher,6-10,Completely,4,4,Yes,8,Yes,2,Shungi;Chongana,NA,NA,2,30,Yes,CommunityMembers,No,NA,NA,NA,0,50,500,3,3,TASAF,Yes,No,No,NA,Yes,NA,39,M,Mweze,Standard10,Fisherman
Kilindi,sh12_9,Yes,90,50,0,17,23,0,6,5,3,5,Higher,11 or more,Completely,2,3,Yes,10,Yes,4,Shungi;Ndagomi;Wambaa;Mgelema,1,Mgelema,1,20,Yes,CommunityMembers,Yes,CommunityMembers,Yes,Increase,6,300,500,3,3,TASAF,Yes,No,No,NA,Yes,NA,52,M,Kugumuga,Standard9,Farmer
Kilindi,sh12_10,Yes,90,50,0,24,10,4,8,15,3,7,Higher,11 or more,Completely,3,5,Yes,8,Yes,4,Wambaa;Mgelema;NA;NA,1,Mgelema,4,13,Yes,CommunityMembers,Yes,CommunityMembers,Yes,Increase,6,300,500,3,3,TASAF,Yes,No,No,NA,No,6,32,F,Mbuyuni,Standard9,Farmer
Wesha,sh13_1,Yes,45,39,0,3,4,1,2,2,1,3,Higher,11 or more,Completely,5,3,Yes,17,Yes,4,Tibirinzi;Michungwani;Ndagoni;Maziwa Ng'ombe,1,Maziwa Ng'ombe,1,50,Yes,CommunityMembers,Yes,PembanOrganization,Yes,Increase,4,100,300,3,3,CommunityMembers,Yes,Yes,No,NA,Yes,NA,36,M,Mtipweke,Form4,Fisherman
Wesha,sh13_2,Yes,45,39,0,8,0,31,8,12,100,1000,Higher,6-10,NotAtAll,3,4,No,0,NA,NA,NA,NA,NA,2,100,Yes,CommunityMembers,Yes,CommunityMembers,No,Decrease,0,10,20,1,1,CommunityMembers,Yes,No,No,NA,Yes,NA,26,F,Kaole,Form2,Business
Wesha,sh13_3,Yes,45,39,0,5,19,14,5,10,8,14,Higher,11 or more,Somewhat,1,2,Yes,15,Yes,3,Ndagoni;Kwale;Chake,1,Kwale,1.5,110,Yes,CommunityMembers,Yes,CommunityMembers,Yes,Increase,0,1000,900,1,1,CommunityMembers,Yes,Yes,Yes,Yes,Yes,NA,37,F,Mtipweke,Form2,Business
Wesha,sh13_4,Yes,45,39,0,15,0,4,4,2,3,12,Higher,6-10,Completely,3,4,No,0,NA,NA,NA,NA,NA,1,100,Yes,CommunityMembers,Yes,Government,No,Increase,0,5,10,3,1,PembanOrganization,Yes,Yes,Yes,No,Yes,NA,34,F,Mtipweke,Standard7,Farmer
Wesha,sh13_5,Yes,45,39,0,15,14,7,20,10,5,3,Higher,6-10,Somewhat,3,2,No,0,NA,NA,NA,NA,NA,1,200,Yes,CommunityMembers,Yes,Government,Yes,Increase,0,100,500,2,2,TASAF,Yes,No,Yes,No,Yes,NA,30,F,Kichuwani,Form4,Farmer
Wesha,sh13_6,Yes,45,39,0,26,8,4,10,15,20,35,Higher,11 or more,Somewhat,0.5,2,No,0,NA,NA,NA,NA,NA,1,200,Yes,CommunityMembers,Yes,PembanOrganization,Yes,Increase,0,100,200,2,1,TASAF,Yes,No,Yes,No,Yes,NA,58,F,Kichuwani,Form4,Farmer
Wesha,sh13_7,Yes,45,39,0,29,0,7,5,3,6,8,Higher,6-10,Completely,2,1,No,0,NA,NA,NA,NA,NA,1,50,Yes,CommunityMembers,Yes,Government,Yes,Increase,0,10,30,2,1,CommunityMembers,Yes,No,No,NA,No,20,29,M,Heman,Form1,Business
Wesha,sh13_8,Yes,45,39,0,19,8,10,3,3,2,5,Higher,6-10,Somewhat,5,8,Yes,2,Yes,1,Kibirinzi,1,Kibirinzi,1,100,Yes,CommunityMembers,Yes,CommunityMembers,No,Increase,0,100,200,2,2,CommunityMembers,Yes,No,No,NA,No,35,42,M,Mtipweke,Standard7,Business
Wesha,sh13_9,Yes,45,39,0,15,6,17,4,8,2,4,Higher,6-10,Somewhat,3,3.5,Yes,2,Yes,3,Ndagoni;Michungwani;Kilindi,2,Ndagoni;Kilindi,1,70,Yes,CommunityMembers,Yes,CommunityMembers,Yes,Increase,0,20,50,2,1,CommunityMembers,Yes,No,No,NA,Yes,NA,25,M,Mtipweke,Form2,Business
Wesha,sh13_10,Yes,45,39,0,11,2,11,5,4,1.5,3,Higher,11 or more,Somewhat,3.5,2,No,0,NA,NA,NA,NA,NA,1,50,Yes,CommunityMembers,Yes,CommunityMembers,Yes,Increase,0,10,100,0,0,TASAF,Yes,No,No,NA,Yes,NA,45,M,Mtipweke,Standard4,Business
Msuka Magharibi,sh14_1,Yes,33,17,0,5,12,0,2,1,3,4,Higher,11 or more,Somewhat,5,3,Yes,10,Yes,1,Tumbe Mashariki,1,Tumbe Mashariki,2,50,Yes,Government,Yes,Government,Yes,Increase,0,100,150,0,NA,NA,Yes,No,No,NA,Yes,NA,45,F,Kwamoga,None,Farmer
Msuka Magharibi,sh14_2,Yes,33,17,0,14,0,0,10,3,7,5,Higher,11 or more,NotAtAll,4,2,Yes,15,Yes,3,Tondooni;Makangale;Konde,2,Makangale;Konde,10,40,Yes,Government,Yes,Government,Yes,Increase,0,5,10,0,NA,NA,No,NA,No,NA,No,15,57,M,Kichakapumu,None,Fisherman
Msuka Magharibi,sh14_3,Yes,33,17,0,17,0,0,10,7,4,8,Higher,11 or more,Somewhat,6,NA,Yes,5,Yes,3,Kipange;Msuka Mashariki;Micheweni,2,NA;NA,2,2000,Yes,CommunityMembers,Yes,CommunityMembers,Yes,Increase,15,100,2000,1,1,CommunityMembers,Yes,Yes,No,NA,Yes,NA,58,M,Chanjani,Standard8,Fisherman
Msuka Magharibi,sh14_4,Yes,33,17,0,6,2,8,2,1.5,1,3,Higher,6-10,Somewhat,2,2,Yes,6,Yes,3,Konde;Msuka Mashariki;Kinowe,2,Msuka Mashariki;Kinowe,2,100,Yes,Government,Yes,Government,Yes,Increase,10,1000,2000,2,2,CommunityMembers,Yes,Yes,Yes,Yes,Yes,NA,31,M,Chanjani,Form4,Farmer
Msuka Magharibi,sh14_5,Yes,33,17,0,8,3,2,30,20,10,10,Higher,11 or more,NotAtAll,5,5,No,0,NA,NA,NA,NA,NA,10,50,No,CommunityMembers,Yes,PembanOrganization,No,Decrease,0,5,10,0,NA,NA,Yes,No,Yes,No,Yes,NA,30,M,Mtoni,Standard5,NA
Msuka Magharibi,sh14_6,Yes,33,17,0,4,5,3,10,5,3,4,Higher,11 or more,Completely,3,1,Yes,30,Yes,2,Makangale;Tondooni,1,NA,2,30,Yes,Government,Yes,Government,Yes,Increase,2,50,100,10,3,CommunityMembers,Yes,Yes,Yes,Yes,No,21,40,F,Gombani,Form2,Fisherman
Msuka Magharibi,sh14_7,Yes,33,17,0,0,7,10,2,1,4,5,Higher,6-10,Completely,2,1,No,0,NA,NA,NA,NA,NA,1,3,Yes,Government,Yes,Government,Yes,Decrease,0,100,200,0,NA,NA,Yes,No,No,NA,Yes,NA,42,F,Mtoni,None,Farmer
Msuka Magharibi,sh14_8,Yes,33,17,0,7,6,3,9,3,5,10,Higher,6-10,NotAtAll,5,7,Yes,15,No,2,Tumbe Mashariki;Kiuyu,1,Tumbe Mashariki,5,200,Yes,Government,Yes,Government,Yes,Increase,0,200,300,10,20,CommunityMembers,Yes,Yes,Yes,Yes,No,15,22,F,Msuka Dodea,Form2,Farmer
Msuka Magharibi,sh14_9,Yes,33,17,0,1,6,9,15,5,2,5,Higher,6-10,Completely,7,6,Yes,5,Yes,2,Kiuyu;Makangale,2,Kiuyu;Makangale,6,10,Yes,CommunityMembers,Yes,Government,No,Increase,0,10,20,0,NA,NA,Yes,No,Yes,No,Yes,NA,33,M,Msuka,Form1,Fisherman
Msuka Magharibi,sh14_10,Yes,33,17,0,14,0,3,10,6,3,5,Higher,11 or more,NotAtAll,5,4,No,0,NA,NA,NA,NA,NA,10,30,Yes,Government,Yes,NA,Yes,Increase,2,25,30,200,0,NA,No,NA,No,NA,NA,NA,NA,M,NA,Standard7,Livestock
Msuka Mashariki,sh15_1,Yes,35,9,0,0,8,1,20,10,5,11,Higher,6-10,Completely,8,5,Yes,9,Yes,4,Mtoni;Kiuyuu;NA;NA,1,Mtoni,2,2,Yes,PembanOrganization,Yes,CommunityMembers,Yes,Increase,0,10,20,0,NA,NA,Yes,No,No,NA,Yes,NA,22,M,Kwakumbe,Form4,Fisherman
Msuka Mashariki,sh15_2,Yes,35,9,0,2,2,1,14,30,15,13,Higher,6-10,Completely,10,NA,Yes,10,No,NA,NA,NA,NA,30,5,Yes,CommunityMembers,Yes,CommunityMembers,Yes,Decrease,0,15,5,3,3,NA,Yes,No,No,NA,Yes,NA,21,M,Kwakumbe,Form2,Fisherman
Msuka Mashariki,sh15_3,Yes,35,9,0,4,2,2,10,5,8,10,Higher,11 or more,Completely,10,2,Yes,15,No,NA,NA,NA,NA,2,30,Yes,Government,Yes,Government,No,Increase,0,30,30,3,1,Government,Yes,No,No,NA,Yes,NA,19,M,Kwakumbe,Form4,Business
Msuka Mashariki,sh15_4,Yes,35,9,0,4,3,0,10,5,3,4,Higher,6-10,Somewhat,7,4,Yes,20,No,NA,NA,NA,NA,4,30,Yes,CommunityMembers,Yes,CommunityMembers,Yes,Decrease,0,50,55,3,2,CommunityMembers,No,NA,No,NA,Yes,NA,26,M,Kwakumbe,Form2,Farmer
Msuka Mashariki,sh15_5,Yes,35,9,0,2,1,1,10,11,1,5,Higher,11 or more,Completely,5,6,Yes,11,No,NA,NA,NA,NA,1,12,Yes,CommunityMembers,Yes,CommunityMembers,Yes,Increase,0,20,40,3,2,CommunityMembers,No,NA,No,NA,Yes,NA,29,F,Kwakumbe,Standard7,Fisherman
Msuka Mashariki,sh15_6,Yes,35,9,0,1,2,1,10,20,4,NA,Higher,11 or more,Completely,10,5,Yes,5,No,NA,NA,NA,NA,10,50,Yes,Government,Yes,CommunityMembers,No,Increase,0,100,200,3,0,CommunityMembers,No,NA,No,NA,Yes,NA,40,F,Kwakumbe,Standard5,Craftsman
Msuka Mashariki,sh15_7,Yes,35,9,0,1,1,1,10,11,1,4,Higher,11 or more,Somewhat,7,4,Yes,8,No,NA,NA,NA,NA,5,10,Yes,CommunityMembers,Yes,CommunityMembers,Yes,Decrease,1,5,25,3,3,CommunityMembers,No,NA,No,NA,Yes,NA,30,F,Kwakumbe,Standard7,Farmer
Msuka Mashariki,sh15_8,Yes,35,9,0,2,6,1,10,15,6,8,Higher,6-10,Somewhat,10,7,Yes,1,No,NA,NA,NA,NA,2,100,Yes,Government,No,NA,NA,NA,0,100,200,2,3,Government,No,NA,No,NA,Yes,NA,40,F,Sebleni,Form2,Farmer
Msuka Mashariki,sh15_9,Yes,35,9,0,1,1,1,10,20,25,30,Higher,11 or more,Completely,7,3,Yes,4,No,NA,NA,NA,NA,3,100,Yes,CommunityMembers,Yes,CommunityMembers,Yes,Increase,0,10,50,3,3,CommunityMembers,No,NA,No,NA,Yes,NA,54,F,Kwakumbe,Standard7,Farmer
Msuka Mashariki,sh15_10,Yes,35,9,0,3,6,0,10,5,9,16,Higher,6-10,Completely,7,5,Yes,9,Yes,2,Konde;Kinowe,1,Kinowe,5,21,Yes,CommunityMembers,Yes,CommunityMembers,Yes,Decrease,0,45,60,3,0,CommunityMembers,No,NA,No,NA,Yes,NA,18,M,Kwakumbe,Form2,Fisherman
Makangale,sh16_1,Yes,85,22,0,20,2,0,10,16,5,15,Higher,6-10,Somewhat,3.5,5.6,Yes,9,Yes,3,Tondooni;Msuka Maghraibi;Konde,NA,NA,1,100,Yes,CommunityMembers,Yes,Government,No,Increase,0,100,300,3,3,TASAF,Yes,No,Yes,No,Yes,NA,45,F,Kijijini,Standard7,Farmer
Makangale,sh16_2,Yes,85,22,0,9,0,12,10,15,17,20,Higher,6-10,NotAtAll,2,4,Yes,15,Yes,2,Tondooni;Msuka Maghraibi,2,Tondooni;Msuka Maghraibi,1,100,Yes,CommunityMembers,Yes,Government,No,Increase,0,50,100,5,0,TASAF,Yes,No,Yes,No,Yes,NA,70,F,Kijijini,None,Farmer
Makangale,sh16_3,Yes,85,22,0,20,2,0,10,6,3,6,Higher,6-10,Somewhat,5,4,Yes,2,Yes,3,Tondooni;Msuka Maghraibi;Kipangani,3,Tondooni;Msuka Maghraibi;Kipangani,2,200,Yes,CommunityMembers,Yes,Government,Yes,Decrease,20,50,100,3,3,TASAF,Yes,No,No,NA,Yes,NA,42,M,Mawe Matatu,Form4,Farmer
Makangale,sh16_4,Yes,85,22,0,21,0,1,12,5,2,7,Higher,6-10,Somewhat,3,NA,Yes,7,Yes,2,Msuka Magharibi;Konde,2,Msuka Magharibi;Konde,5,200,Yes,CommunityMembers,Yes,Government,No,Increase,0,NA,NA,3,0,Government,Yes,No,Yes,No,No,25,50,M,Kijijini,Form1,Farmer
Makangale,sh16_5,Yes,85,22,0,20,0,2,10,6,3,8,Higher,11 or more,NA,2,3,No,0,NA,NA,NA,NA,NA,5,150,Yes,CommunityMembers,Yes,CommunityMembers,Yes,Increase,0,30,50,9,0,CommunityMembers,Yes,No,Yes,No,No,53,71,M,Kijijini,Standard4,Farmer
Makangale,sh16_6,Yes,85,22,0,20,2,0,16,8,6,8,Higher,6-10,Somewhat,4,3,Yes,8,No,3,Msuka Magharibi;Konde;Tondooni,2,Msuka Magharibi;Tondooni,1,40,Yes,CommunityMembers,Yes,Government,Yes,Increase,60,50,150,10,8,TASAF,Yes,No,No,NA,Yes,NA,28,M,Kijijini,Form4,Livestock
Makangale,sh16_7,Yes,85,22,0,20,0,0,10,12,4,9,Higher,1-5,NotAtAll,6,7,No,0,NA,NA,NA,NA,NA,NA,NA,Yes,CommunityMembers,Yes,CommunityMembers,No,Decrease,0,2,10,15,NA,TASAF,Yes,No,NA,NA,Yes,NA,45,M,Kijijini,Standard5,Farmer
Makangale,sh16_8,Yes,85,22,0,20,2,0,10,3,5,7,Same,NA,NA,3,4,Yes,15,Yes,1,Tondooni,0,NA,1,10,Yes,CommunityMembers,Yes,CommunityMembers,Yes,Increase,0,10,5,2,0,TASAF,Yes,No,Yes,No,Yes,NA,22,F,Kijijini,Form4,Farmer
Makangale,sh16_9,Yes,85,22,0,20,2,0,10,5,6,12,Higher,11 or more,NotAtAll,8,6,Yes,5,No,2,Msuka Magharibi;Kipangani,2,Msuka Magharibi;Kipangani,1,150,Yes,CommunityMembers,Yes,CommunityMembers,Yes,Increase,0,50,30,3,10,TASAF,Yes,Yes,Yes,Yes,No,45,57,F,Kijijini,Standard12,Government
Makangale,sh16_10,Yes,85,22,0,20,2,0,10,5,6,12,Higher,11 or more,NotAtAll,8,8,Yes,5,Yes,2,Tondooni;Konde,2,Tondooni;Konde,1,150,Yes,CommunityMembers,Yes,CommunityMembers,Yes,Increase,0,50,30,3,3,TASAF,Yes,Yes,Yes,No,No,19,30,F,Kijijini,Standard7,Farmer
Tondooni,sh17_1,Yes,89,24,0,5,3,2,5,8,2,5,Higher,11 or more,Somewhat,3.5,3,No,0,NA,NA,NA,NA,NA,2,120,Yes,CommunityMembers,No,NA,NA,NA,0,50,100,3,3,TASAF,Yes,No,No,NA,No,27,32,M,Tondooni,Standard12,Farmer
Tondooni,sh17_2,Yes,89,24,0,7,0,6,7,5,3,6,Higher,11 or more,Somewhat,5,4,No,0,NA,NA,NA,NA,NA,2,100,Yes,CommunityMembers,No,NA,NA,NA,0,80,170,3,3,TASAF,No,NA,No,NA,No,58,62,M,Tondooni,Standard8,Farmer
Tondooni,sh17_3,Yes,89,24,0,2,2,13,8,3,2,6,Higher,11 or more,NotAtAll,3,2,Yes,5,Yes,3,Kipange;Msuka Mashariki;Fundo,3,Kipange;Msuka Mashariki;Fundo,3,120,Yes,CommunityMembers,No,NA,NA,NA,0,10,25,6,3,TASAF,No,NA,No,NA,Yes,NA,60,M,Tondooni,Standard7,Farmer
Tondooni,sh17_4,Yes,89,24,0,4,0,0,6,4,3,8,Higher,11 or more,Completely,5,4,Yes,7,Yes,2,Kiuyu Mbuyuni;Makangale,2,Kiuyu Mbuyuni;Makangale,5,30,Yes,CommunityMembers,No,NA,NA,NA,2,50,100,3,3,TASAF,No,NA,No,NA,No,40,55,M,Tondooni,Standard4,Farmer
Tondooni,sh17_6,No,89,24,0,3,1,7,7,10,3,5,Same,NA,NA,6,7,No,0,NA,NA,NA,NA,NA,1,20,Yes,Government,Yes,CommunityMembers,No,Increase,0,10,100,3,3,TASAF,No,NA,No,NA,Yes,NA,55,F,Tondooni,Standard6,Farmer
Tondooni,sh17_7,No,89,24,0,11,5,1,10,3,27,12,Higher,6-10,Somewhat,7,3,No,0,NA,NA,NA,NA,NA,1,22,Yes,CommunityMembers,Yes,CommunityMembers,No,Decrease,0,10,100,100,4,OutsideOrganization,No,NA,No,NA,No,20,45,F,Makangale,Standard7,Farmer
Tondooni,sh17_8,Yes,89,24,0,8,0,15,10,3,12,5,Higher,6-10,Somewhat,3,2,No,0,NA,NA,NA,NA,NA,1,20,Yes,OutsideOrganization,Yes,CommunityMembers,No,Increase,3,100,100,3,3,TASAF,No,NA,No,NA,No,18,34,F,Tondooni,Standard8,Farmer
Tondooni,sh17_9,Yes,89,24,0,24,0,0,17,27,3,8,Higher,11 or more,NotAtAll,7,4,No,0,NA,NA,NA,NA,NA,1,10,Yes,CommunityMembers,Yes,CommunityMembers,No,Increase,2,30,150,3,3,TASAF,No,NA,No,NA,No,50,55,F,Tondooni,Standard5,Farmer
Tondooni,sh17_10,Yes,89,24,0,18,2,2,15,20,5,12,Higher,11 or more,NotAtAll,5,3,No,0,NA,NA,NA,NA,NA,1,15,Yes,CommunityMembers,Yes,CommunityMembers,No,Increase,2,20,150,3,0,Government,No,NA,No,NA,No,38,48,F,Tondooni,None,Farmer
Mtemani,sh18_1,Yes,21,10,0,6,4,0,5,7,4,8,Lower,NA,NA,1,3,Yes,6,Yes,2,Mjanaza;Mjini Wingwi,2,Mjanaza;Mjini Wingwi,1,2,Yes,CommunityMembers,Yes,CommunityMembers,Yes,Increase,10,80,64,1000,1000,TASAF,Yes,Yes,No,NA,Yes,NA,69,M,Jambonia,Form1,Farmer
Mtemani,sh18_2,Yes,21,10,0,6,0,2,3,7,6,15,Same,NA,NA,2,4,Yes,3,Yes,6,NA;NA;Mjananza;Mjini Wingwi;Maziwa wa Ngombe;Kojani,5,NA;Mjananza;Mjini Wingwi;Maziwa wa Ngombe;Kojani,2,30,Yes,Government,Yes,CommunityMembers,Yes,Increase,400,1000,15000,3000,400,CommunityMembers,Yes,Yes,No,NA,Yes,NA,37,M,Kidode,Standard12,Business
Mtemani,sh18_3,Yes,21,10,0,6,2,2,4,5,3,14,Same,NA,NA,3,5,Yes,4,No,NA,NA,NA,NA,3,50,Yes,CommunityMembers,Yes,CommunityMembers,Yes,Increase,3,35,40,20,5,TASAF,Yes,No,No,NA,No,13,36,F,Jambonia,Form4,Business
Mtemani,sh18_4,No,21,10,0,1,0,1,5,6,3,10,Higher,1-5,Somewhat,5,4,No,0,NA,NA,NA,NA,NA,2,20,Yes,CommunityMembers,Yes,CommunityMembers,Yes,Increase,0,50,20,2,0,TASAF,Yes,No,No,NA,Yes,NA,37,F,Jambonia,ADULT EDUCATION,Business
Mtemani,sh18_5,Yes,21,10,0,3,2,2,5,4,2,4.5,Same,NA,NA,4.5,3,No,0,NA,NA,NA,NA,NA,3,4,Yes,CommunityMembers,Yes,CommunityMembers,Yes,Increase,0,15,30,21,0,TASAF,Yes,No,Yes,No,No,15,22,F,Jambonia,Form4,Craftsman
Mtemani,sh18_6,Yes,21,10,0,4,1,0,3,8,3,9,Same,NA,NA,5,4,No,0,NA,NA,NA,NA,NA,2,20,Yes,CommunityMembers,Yes,CommunityMembers,Yes,Increase,0,50,100,20,3,CommunityMembers,Yes,No,No,NA,Yes,NA,30,F,Jambonia,Form4,Farmer
Mtemani,sh18_7,Yes,21,10,0,2,2,2,4,7,3,6,Same,NA,NA,3,2,No,0,NA,NA,NA,NA,NA,2,50,Yes,CommunityMembers,Yes,CommunityMembers,Yes,Increase,2,20,50,6,3,CommunityMembers,Yes,No,No,NA,No,20,38,F,Jambonia,Form2,Farmer
Mtemani,sh18_8,Yes,21,10,0,4,2,2,4,6,3,7,Higher,11 or more,Somewhat,3,2.5,Yes,7,No,NA,NA,NA,NA,2,100,Yes,CommunityMembers,Yes,CommunityMembers,No,Decrease,0,20,50,2,0,TASAF,Yes,No,No,NA,Yes,NA,35,M,Jambonia,Standard7,Farmer
Mtemani,sh18_9,Yes,21,10,0,4,2,2,10,7,2,5,Higher,6-10,Somewhat,3,2,No,0,NA,NA,NA,NA,NA,8,50,Yes,CommunityMembers,Yes,CommunityMembers,Yes,Increase,0,15,10,3,1,CommunityMembers,Yes,No,Yes,No,Yes,NA,25,M,Jambonia,Standard10,Livestock
Mtemani,sh18_10,Yes,21,10,0,6,0,2,10,7,2,5,Higher,6-10,Somewhat,3,3,No,0,NA,NA,NA,NA,NA,7,60,Yes,CommunityMembers,Yes,CommunityMembers,Yes,Increase,0,20,50,3,1,CommunityMembers,Yes,No,Yes,No,Yes,NA,31,M,Jambonia,Standard12,Livestock
Wingwi Mjananza,sh19_1,Yes,11,6,0,4,1,1,6,6,5,12,Same,NA,NA,4,2,No,0,NA,NA,NA,NA,NA,12,80,Yes,Government,Yes,CommunityMembers,Yes,Increase,0,10,4,4,0,CommunityMembers,No,NA,No,NA,No,10,29,F,Mjananza,Form1,Business
Wingwi Mjananza,sh19_2,Yes,11,6,0,6,0,0,3,6,5,11,Higher,11 or more,Completely,3,6,Yes,2,Yes,2,Mtemani;Kiungoni,2,Mtemani;Kiungoni,2,30,Yes,CommunityMembers,Yes,CommunityMembers,Yes,Increase,20,30,100,5,4,TASAF,Yes,Yes,No,NA,Yes,NA,40,M,Mjananza,Undergraduate,Government
Wingwi Mjananza,sh19_3,Yes,11,6,0,5,1,0,5,7,3,6,Higher,6-10,Somewhat,3.5,2.67,Yes,3,Yes,2,Njuguni;Mtemani,2,Njuguni;Mtemani,1,10,Yes,CommunityMembers,Yes,CommunityMembers,Yes,Increase,5,15,30,1,0,TASAF,Yes,No,No,NA,Yes,NA,25,M,Mjananza,Form4,Fisherman
Wingwi Mjananza,sh19_4,Yes,11,6,0,6,0,0,8,5,3,7,Higher,6-10,Completely,3,2,Yes,6,Yes,2,Mtemani;Kiungoni,2,Mtemani;Kiungoni,2,50,Yes,CommunityMembers,Yes,CommunityMembers,Yes,Increase,7,30,50,10,5,TASAF,Yes,Yes,Yes,Yes,Yes,NA,32,M,Mjananza,Form2,Fisherman
Wingwi Mjananza,sh19_5,Yes,11,6,0,1,1,2,10,10,6,5,Higher,6-10,Completely,4,3,Yes,6,Yes,2,Wete;Michiweni,1,Michiweni,2,50,Yes,CommunityMembers,Yes,CommunityMembers,Yes,Increase,6,50,100,0,NA,NA,Yes,Yes,Yes,No,Yes,NA,54,M,Mboni,Standard6,Farmer
Wingwi Mjananza,sh19_6,Yes,11,6,0,2,2,2,7,5,4,5,Higher,6-10,Completely,4.5,3,Yes,10,Yes,3,Kiungoni;Kojani;Mtemani,3,Kiungoni;Kojani;Mtemani,4,1000,Yes,Government,Yes,Government,Yes,Increase,10,5,20,10,8,CommunityMembers,Yes,No,No,NA,Yes,NA,40,M,Mjananza,Form4,Farmer
Wingwi Mjananza,sh19_7,Yes,11,6,0,2,2,2,5,9,3,6,Higher,1-5,Somewhat,2,1,No,0,NA,NA,NA,NA,NA,2,200,Yes,CommunityMembers,Yes,Government,Yes,Increase,0,5,15,0,NA,NA,Yes,No,No,NA,No,9,26,F,Mjananza,Form3,Business
Wingwi Mjananza,sh19_8,Yes,11,6,0,2,0,4,5,13,4,5,Higher,1-5,Completely,5,3,No,0,NA,NA,NA,NA,NA,2,500,Yes,CommunityMembers,No,NA,NA,NA,0,100,500,2,0,CommunityMembers,Yes,No,Yes,No,Yes,NA,20,F,Mjananza,Form4,Craftsman
Wingwi Mjananza,sh19_9,Yes,11,6,0,2,1,1,8,6,4,7,Higher,1-5,NotAtAll,4,4,No,0,NA,NA,NA,NA,NA,2,250,Yes,CommunityMembers,Yes,Government,Yes,Increase,0,1,3,5,0,Government,Yes,No,Yes,No,Yes,NA,45,F,Mjananza,Form2,Farmer
Shengejuu,sh20_1,No,36,13,0,1,4,6,10,15,4,10,Higher,6-10,NotAtAll,5,3,Yes,10,No,NA,NA,NA,NA,6,50,Yes,CommunityMembers,Yes,PembanOrganization,Yes,Increase,3,20,30,0,NA,NA,Yes,No,Yes,No,Yes,NA,55,F,Masota,None,Farmer
Shengejuu,sh20_2,Yes,36,13,0,3,5,2,10,7,3,10,Higher,1-5,Completely,5,4,No,0,NA,NA,NA,NA,NA,10,40,Yes,CommunityMembers,Yes,Government,Yes,Increase,0,15,50,3,0,TASAF,Yes,No,Yes,No,No,40,48,F,Masota,None,Farmer
Shengejuu,sh20_3,Yes,36,13,0,0,9,0,6,12,4,7,Higher,11 or more,NotAtAll,4,2,Yes,30,Yes,3,Kojani;Chwale;Maziwani,2,Chwale;Kojani,3,100,Yes,OutsideOrganization,Yes,PembanOrganization,No,Increase,1,100,200,1,0,CommunityMembers,Yes,No,No,NA,Yes,NA,50,M,Masota,ADULT EDUCATION,Farmer
Shengejuu,sh20_4,Yes,36,13,0,2,4,1,6,8,2,8,Higher,11 or more,Completely,5,4,Yes,36,Yes,3,Kojani;Chwale;Maziwani,2,Chwale;Kojani,4,46,Yes,Government,Yes,PembanOrganization,Yes,Decrease,0,50,90,0,NA,NA,Yes,Yes,No,NA,Yes,NA,19,M,Masota,Standard6,Craftsman
Shengejuu,sh20_5,Yes,36,13,0,4,3,2,10,5,8,10,Higher,11 or more,Completely,2,1,Yes,20,Yes,2,Kojani;Chwale,2,Kojani;Chwale,3,60,Yes,CommunityMembers,Yes,PembanOrganization,Yes,Increase,0,30,100,0,NA,NA,No,NA,No,NA,Yes,NA,34,M,Masota,Form4,Farmer
Shengejuu,sh20_6,Yes,36,13,0,4,4,2,6,2,2,4,Higher,11 or more,Completely,5,3.5,Yes,30,Yes,2,Kojani;Chwale,2,Kojani;Chwale,2,30,Yes,CommunityMembers,Yes,PembanOrganization,Yes,Increase,0,50,100,0,NA,NA,Yes,No,Yes,Yes,Yes,NA,20,F,Masota,Standard12,Business
Shengejuu,sh20_7,Yes,36,13,0,0,12,0,5,6,4,6,Higher,11 or more,Completely,5,5,Yes,1000,Yes,2,Kojani;Chwale,1,Kojani,3,60,Yes,CommunityMembers,Yes,OutsideOrganization,Yes,Increase,0,2000,10000,0,NA,NA,Yes,Yes,Yes,Yes,Yes,NA,NA,M,Masota,Standard4,Farmer
Shengejuu,sh20_8,Yes,36,13,0,5,3,1,5,10,8,12,NA,NA,NA,NA,NA,No,0,NA,NA,NA,NA,NA,10,18,Yes,CommunityMembers,Yes,Government,Yes,Increase,0,10,20,0,NA,Government,Yes,Yes,Yes,Yes,Yes,NA,38,F,Masota,Standard4,Business
Shengejuu,sh20_9,Yes,36,13,0,2,5,1,5,6,2,5,Higher,11 or more,Completely,7,3,Yes,15,Yes,1,Kojani,1,Kojani,10,200,Yes,CommunityMembers,Yes,PembanOrganization,Yes,Increase,2,20,30,0,NA,NA,Yes,Yes,No,NA,Yes,NA,22,M,Masota,Standard12,Farmer
Shengejuu,sh20_10,Yes,36,13,0,3,7,1,NA,3,2,10,Higher,11 or more,Somewhat,4,NA,Yes,13,No,NA,NA,NA,NA,10,40,Yes,PembanOrganization,Yes,PembanOrganization,Yes,Increase,0,3,50,0,NA,NA,Yes,No,No,NA,Yes,NA,25,F,Masota,Form4,Farmer
Wingwi Mapofu,sh21_1,Yes,40,8,0,6,1,1,15,12,2.5,5,Higher,11 or more,Completely,4.5,5,Yes,10,Yes,3,Mtemani;Mijini Wingwi;Junguni,2,Mtemani;Mjini Wingwi,2,150,Yes,CommunityMembers,Yes,CommunityMembers,Yes,Increase,3,100,100,2,1,TASAF,Yes,Yes,Yes,No,No,45,62,F,Kilindini,None,Farmer
Wingwi Mapofu,sh21_2,Yes,40,8,0,5,3,0,7,12,3,4,Higher,1-5,Completely,6,4,No,0,NA,NA,NA,NA,NA,4,150,Yes,CommunityMembers,Yes,CommunityMembers,Yes,Increase,22,100,2,0,NA,NA,Yes,No,Yes,No,Yes,NA,52,M,Kandaan,4,Farmer
Wingwi Mapofu,sh21_3,Yes,40,8,0,2,3,0,3,4,2,5,Higher,6-10,Completely,4,3,Yes,10,Yes,2,Mtemani;Junguni,NA,NA,2,10,Yes,NA,Yes,NA,Yes,Increase,1,20,NA,3,1,PembanOrganization,Yes,Yes,Yes,Yes,Yes,NA,48,M,Kandaan,NA,Farmer
Wingwi Mapofu,sh21_4,Yes,40,8,0,3,4,0,20,8,5,10,Higher,11 or more,NA,4,2,Yes,40,Yes,4,Mtemani;Sizini;Junguni;Mjini Wingwi,2,Sizini;Mjini Wingwi,6,200,Yes,CommunityMembers,No,CommunityMembers,Yes,Increase,700,100,120,2,1,CommunityMembers,Yes,NA,Yes,Yes,Yes,NA,30,M,Kilindini,CHET,Farmer
Wingwi Mapofu,sh21_5,Yes,40,8,0,6,2,0,12,10,4,8,Higher,6-10,Somewhat,3.5,5,No,0,NA,NA,NA,NA,NA,2,20,Yes,CommunityMembers,Yes,CommunityMembers,Yes,Increase,144,200,500,13,12,CommunityMembers,Yes,Yes,Yes,Yes,Yes,NA,46,M,Kilindini,Form4,Government
Wingwi Mapofu,sh21_6,No,40,8,0,NA,NA,NA,5,17,2,21,Higher,1-5,NotAtAll,5,4,Yes,3,Yes,3,Mtemani;Sizini;Mjini Wingwi,2,Sizini;Mtemani,10,40,Yes,CommunityMembers,Yes,CommunityMembers,Yes,Increase,3,100,200,3,2,CommunityMembers,Yes,Yes,Yes,Yes,No,30,65,F,Kandani,Form2,Farmer
Wingwi Mapofu,sh21_7,Yes,40,8,0,5,1,1,5,8,2,4,Higher,1-5,Somewhat,5,4,No,0,NA,NA,NA,NA,NA,10,60,Yes,CommunityMembers,Yes,CommunityMembers,Yes,Increase,3,100,120,5,3,CommunityMembers,Yes,Yes,Yes,Yes,Yes,NA,37,F,Mapofu,Form4,Farmer
Wingwi Mapofu,sh21_8,Yes,40,8,0,2,1,1,5,3,5,10,Higher,NA,NA,2,5,No,0,NA,NA,NA,NA,NA,10,20,Yes,CommunityMembers,No,NA,NA,NA,2,100,NA,NA,NA,NA,NA,NA,NA,NA,Yes,NA,NA,F,Kandani,NA,Farmer
Wingwi Mapofu,sh21_9,Yes,40,8,0,4,2,0,5,10,2,4,Same,NA,NA,6,8,No,0,NA,NA,NA,NA,NA,2,300,Yes,CommunityMembers,Yes,CommunityMembers,Yes,Decrease,10,1500,NA,NA,NA,Government,Yes,Yes,Yes,Yes,Yes,NA,62,M,Kandani,2,Fisherman
Wingwi Mapofu,sh21_10,Yes,40,8,0,2,1,3,7,12,3,5,Same,NA,NA,6,6,Yes,5,Yes,2,Mjini Wingwi;Junguni,NA,NA,3,200,Yes,CommunityMembers,Yes,CommunityMembers,Yes,Increase,30,500,10,20,10,CommunityMembers,Yes,Yes,Yes,Yes,Yes,NA,43,M,Kilindini,NA,Farmer
Majenzi,sh22_1,Yes,14,10,0,4,4,1,5,6,4,5,Same,NA,NA,5,4,No,0,NA,NA,NA,NA,NA,1,200,Yes,CommunityMembers,Yes,CommunityMembers,Yes,Increase,5,100,100,5,2,CommunityMembers,Yes,Yes,Yes,Yes,Yes,NA,30,M,Kwale,Secondary,Craftsman
Majenzi,sh22_2,Yes,14,10,0,5,2,0,5,6,3,7,Same,NA,NA,8,6,Yes,8,Yes,3,Sizini;Micheweni;Wingwi,3,Sizini;Micheweni;Wingwi,2,50,Yes,CommunityMembers,Yes,CommunityMembers,Yes,Increase,100,100,200,3,3,PembanOrganization,Yes,Yes,Yes,Yes,Yes,NA,50,M,Kwale,8,Farmer
Majenzi,sh22_3,Yes,14,10,0,5,2,0,7,15,4,8,Higher,6-10,Somewhat,6,3,Yes,2,No,NA,NA,NA,NA,1.5,10,Yes,CommunityMembers,Yes,CommunityMembers,Yes,Increase,4,100,1000,2,2,CommunityMembers,Yes,Yes,Yes,No,Yes,NA,57,F,Kwale,Emila wa watuwazima,Farmer
Majenzi,sh22_4,Yes,14,10,0,5,2,1,5,8,3,5,Higher,11 or more,Completely,6,3,No,0,NA,NA,NA,NA,NA,1,1000,Yes,CommunityMembers,Yes,CommunityMembers,Yes,Increase,0,5,25,4,5,NA,Yes,No,No,NA,No,25,47,F,Kwale,Standard5,Farmer
Majenzi,sh22_5,Yes,14,10,0,6,2,0,5,4,3,6,Higher,1-5,Somewhat,5,2,Yes,1,Yes,2,Micheweni;Sizini,2,Micheweni;Sizini,2,20,Yes,CommunityMembers,Yes,CommunityMembers,Yes,Increase,2,100,600,2,2,CommunityMembers,Yes,Yes,Yes,No,No,30,45,F,Kwale,Elimu,Farmer
Majenzi,sh22_6,Yes,14,10,0,6,2,0,5,15,4,8,Same,NA,NA,6,3,Yes,3,No,NA,NA,NA,NA,2,20,Yes,CommunityMembers,Yes,CommunityMembers,Yes,Increase,8,2000,7000,2,2,CommunityMembers,Yes,Yes,Yes,No,Yes,NA,39,F,Kwale,10,Farmer
Majenzi,sh22_7,Yes,14,10,0,3,5,1,4,6,3,4.5,Higher,6-10,Completely,6,4,Yes,10,Yes,3,Sizini;Shumba;Wingwi,1,Wingwi,15,2000,Yes,CommunityMembers,Yes,CommunityMembers,Yes,Decrease,6,100,500,10,3,CommunityMembers,Yes,No,Yes,Yes,Yes,NA,75,M,Kwale,3,Craftsman
Majenzi,sh22_8,Yes,14,10,0,4,4,0,5,8,4,9,Higher,6-10,Completely,4,3,No,0,NA,NA,NA,NA,NA,1,20,Yes,CommunityMembers,Yes,NA,Yes,Increase,0,NA,NA,NA,NA,NA,Yes,No,NA,NA,Yes,NA,48,F,Pale,None,Farmer
Majenzi,sh22_9,Yes,14,10,0,4,3,0,5,6,9,11,Same,NA,NA,7,4,No,0,NA,NA,NA,NA,NA,3,30,Yes,CommunityMembers,Yes,CommunityMembers,Yes,Increase,7,200,60,2,3,PembanOrganization,Yes,Yes,Yes,Yes,Yes,NA,40,M,Majenzi,None,Farmer
Majenzi,sh22_10,Yes,14,10,0,5,4,0,5,8,3,5,Higher,11 or more,Somewhat,3,2,Yes,5,No,NA,NA,NA,NA,15,20,Yes,CommunityMembers,Yes,CommunityMembers,Yes,Increase,0,100,2,3,2,CommunityMembers,Yes,Yes,Yes,Yes,Yes,NA,22,F,Kwale,Sekondari,Business
Mjini Wingwi,sh23_1,No,37,25,0,9,0,8,4,5,4,NA,NA,NA,NA,3,NA,No,0,NA,NA,NA,NA,NA,2,1,No,CommunityMembers,No,NA,NA,Increase,NA,NA,NA,NA,NA,NA,NA,NA,NA,NA,Yes,NA,26,F,Mjini Wingwi,None,Farmer
Mjini Wingwi,sh23_2,No,37,25,0,NA,NA,NA,5,8,12,16,Higher,1-5,Somewhat,5.5,7,No,0,NA,NA,NA,NA,NA,1,30,No,NA,No,NA,NA,NA,0,20,1000,6,0,TASAF,Yes,Yes,Yes,Yes,Yes,NA,40,F,Mjini Wingwi,Standard5,Farmer
Mjini Wingwi,sh23_4,Yes,37,25,0,16,0,9,4,2,2,3,Higher,1-5,Somewhat,3,NA,No,0,NA,NA,NA,NA,NA,2,4,Yes,CommunityMembers,Yes,NA,NA,NA,2,NA,3,6,4,NA,Yes,Yes,NA,NA,Yes,NA,40,M,Mjini Wingwi,Dini,Farmer
Mjini Wingwi,sh23_5,Yes,37,25,0,19,4,0,7,6,3,5,Higher,6-10,NotAtAll,3,2,Yes,5,Yes,2,Maziwa Ngombe;Chokanigako,NA,NA,5,30,Yes,CommunityMembers,Yes,CommunityMembers,Yes,Increase,2,10,50,4,3,CommunityMembers,Yes,Yes,Yes,No,Yes,NA,33,M,Mjini Wingwi,5,Fisherman
Mjini Wingwi,sh23_6,Yes,37,25,0,22,3,0,7,12,8,10,Higher,1-5,NotAtAll,3,5,No,0,NA,NA,NA,NA,NA,6,30,Yes,CommunityMembers,Yes,CommunityMembers,Yes,Increase,38,50,100,6,6,CommunityMembers,Yes,No,Yes,No,Yes,NA,56,M,Mjini Wingwi,Mwaliu wa cuuo,Farmer
Mjini Wingwi,sh23_7,Yes,37,25,0,4,3,1,3,7,10,15,Same,NA,NA,2,4,No,0,NA,NA,NA,NA,NA,10,20,No,CommunityMembers,No,NA,NA,NA,0,30,100,6,6,TASAF,Yes,Yes,Yes,Yes,Yes,NA,50,F,Mjini Wingwi,None,Farmer
Mjini Wingwi,sh23_8,Yes,37,25,0,10,0,0,3,6,4,7,Higher,1-5,Somewhat,3,7,No,0,NA,NA,NA,NA,NA,2,20,Yes,CommunityMembers,Yes,CommunityMembers,Yes,Increase,0,50,100,3,0,TASAF,Yes,Yes,Yes,No,No,30,50,F,Mjini Wingwi,Standard5,Farmer
Mjini Wingwi,sh23_9,Yes,37,25,0,10,15,0,6,8,4,7,Higher,6-10,Somewhat,5,6,Yes,6,Yes,2,Maziwa Ngombe;Chokanigako,2,Maziwa Ngombe;Chokanigako,6,100,Yes,CommunityMembers,Yes,CommunityMembers,Yes,Increase,6,50,200,15,15,Government,Yes,Yes,Yes,Yes,Yes,NA,65,M,Mjini Wingwi,Msingi,Fisherman
Mjini Wingwi,sh23_10,Yes,37,25,0,19,5,0,6,8,4,7,Same,NA,NA,2,2,Yes,5,Yes,1,Maziwa Ngombe,0,NA,3,100,Yes,CommunityMembers,Yes,CommunityMembers,Yes,Increase,3,250,500,6,5,Government,Yes,Yes,Yes,No,Yes,NA,54,M,Mjini Wingwi,Form3,Farmer
Sizini,sh24_1,Yes,44,14,0,7,3,3,5,8,2,4,Higher,6-10,Somewhat,3,5,Yes,1,Yes,2,Tumbe;Shumba,2,Tumbe;Shumba,3,50,Yes,CommunityMembers,Yes,CommunityMembers,Yes,Increase,56,200,1000,10,10,CommunityMembers,No,NA,Yes,Yes,Yes,NA,67,F,Kijichame,Standard4,Farmer
Sizini,sh24_2,Yes,44,14,0,13,0,1,1,13,2,5,Higher,1-5,Completely,5,2,Yes,3,No,NA,NA,NA,NA,1,100,Yes,CommunityMembers,Yes,CommunityMembers,Yes,Increase,2,100,200,5,0,CommunityMembers,No,NA,Yes,No,Yes,NA,40,F,Kijichame,None,Farmer
Sizini,sh24_3,Yes,44,14,0,5,4,2,9,7,3,5,Higher,6-10,Somewhat,3,2,No,0,NA,NA,NA,NA,NA,3,40,Yes,CommunityMembers,Yes,CommunityMembers,Yes,Increase,15,150,200,3,2,TASAF,No,NA,Yes,No,Yes,NA,32,M,Kijichame,Form4,Fisherman
Sizini,sh24_4,No,44,14,0,NA,NA,NA,10,5,3,8,Higher,1-5,Somewhat,4,1.5,Yes,10,Yes,3,Tumbe Mashariki;Shumba;Majenzi,2,Tumbe Mashariki;Shumba,4,20,Yes,CommunityMembers,Yes,CommunityMembers,Yes,Increase,6,100,200,1,2,CommunityMembers,No,NA,Yes,Yes,Yes,NA,67,M,Kijichame,Form3,Government
Sizini,sh24_5,Yes,44,14,0,8,3,0,10,5,1,4,Higher,11 or more,Somewhat,1.5,2,Yes,3,Yes,3,Tumbe Mashariki;Shumba;Micheweni,3,Tumbe Mashariki;Shumba;Micheweni,2,30,Yes,CommunityMembers,Yes,CommunityMembers,Yes,Increase,24,100,150,4,4,TASAF,No,NA,Yes,Yes,Yes,NA,41,M,Kijichame,Secondary,Farmer
Sizini,sh24_6,Yes,44,14,0,8,0,4,9,4,3,6,Higher,1-5,Somewhat,4,9,Yes,3,Yes,1,Shumba,1,Shumba,3,50,Yes,CommunityMembers,No,CommunityMembers,Yes,Increase,3,20,50,3,1,TASAF,Yes,No,Yes,No,Yes,NA,72,M,Kwaponge,None,Farmer
Sizini,sh24_7,Yes,44,14,0,8,4,0,10,5,3,7,Higher,1-5,Somewhat,4,3,Yes,30,Yes,2,Tumbe;Shumba,2,Tumbe;Shumba,4,60,Yes,CommunityMembers,Yes,CommunityMembers,Yes,Increase,8,100,3000,5,4,TASAF,Yes,No,Yes,No,Yes,NA,27,M,Kijichame,Standard7,Farmer
Sizini,sh24_8,Yes,44,14,0,7,6,1,15,3,1,2,Higher,1-5,Completely,3,2,Yes,5,Yes,2,Tumbe;Shumba,2,Tumbe;Shumba,1,50,Yes,CommunityMembers,Yes,CommunityMembers,Yes,Increase,1,50,200,3,1,TASAF,Yes,No,Yes,No,Yes,NA,40,F,Kijichame,10,Farmer
Sizini,sh24_9,Yes,44,14,0,14,0,0,1,2,3,6,Higher,1-5,Somewhat,8,4,Yes,2,Yes,2,Tumbe;Shumba,2,Tumbe;Shumba,1,100,Yes,CommunityMembers,No,NA,NA,NA,10,100,200,3,3,CommunityMembers,No,NA,Yes,No,Yes,NA,50,F,Kijichame,8,Farmer
Sizini,sh24_10,Yes,44,14,0,9,5,0,10,12,3,5,Same,NA,NA,3,2.5,No,0,NA,NA,NA,NA,NA,2,40,Yes,CommunityMembers,Yes,CommunityMembers,Yes,Increase,90,50,100,6,6,TASAF,No,NA,Yes,Yes,Yes,NA,35,M,Kijichame,Kidat channe,Farmer
Kinowe,sh25_1,Yes,36,13,0,7,6,0,10,20,15,25,Higher,6-10,Somewhat,4,6,No,0,NA,NA,NA,NA,NA,4,30,Yes,Government,No,NA,NA,NA,0,20,30,4,0,CommunityMembers,Yes,No,Yes,No,Yes,NA,56,F,Kinowe,None,Farmer
Kinowe,sh25_2,Yes,36,13,0,3,3,1,8,5,3,3,Same,11 or more,Completely,4,2,Yes,20,Yes,3,Shumba;Tumbe Magharibi;Kinowe,2,Tumbe Magharibi;Shumba,2,100,Yes,CommunityMembers,No,NA,NA,NA,20,1000,3000,2,2,CommunityMembers,No,NA,No,NA,Yes,NA,54,M,Kinowe,Madrasa,Farmer
Kinowe,sh25_3,Yes,36,13,0,6,3,3,10,14,5,8,Higher,11 or more,Completely,6,3,Yes,20,Yes,4,Shumba;Tumbe Magharibi;Tumbe Mashariki;Kinowe,4,Shumba;Tumbe Magharibi;Tumbe Mashariki;Kinowe,3,40,Yes,PembanOrganization,No,NA,NA,NA,20,15000,30000,5,2,CommunityMembers,No,NA,Yes,Yes,Yes,NA,70,M,Kinowe,Kidatocha 4,Government
Kinowe,sh25_4,Yes,36,13,0,4,5,2,5,10,3,8,Higher,6-10,Completely,2,3,Yes,8,Yes,1,Tumba Magharibi,1,Tumbe Magharibi,2,140,Yes,OutsideOrganization,No,NA,NA,NA,0,88,88,4,4,CommunityMembers,Yes,No,No,NA,Yes,NA,50,M,Kinowe,None,Farmer
Kinowe,sh25_5,Yes,36,13,0,7,5,1,2,20,5,25,Higher,11 or more,Completely,4,7,No,0,NA,NA,NA,NA,NA,1,20,Yes,Government,No,NA,NA,NA,0,30,50,7,0,CommunityMembers,Yes,No,No,NA,Yes,NA,40,F,Kinowe,None,Farmer
Kinowe,sh25_6,Yes,36,13,0,2,3,2,10,20,15,25,Higher,6-10,Somewhat,4,2,No,0,NA,NA,NA,NA,NA,3,35,Yes,Government,No,NA,NA,NA,0,20,35,3,0,CommunityMembers,Yes,No,No,NA,Yes,NA,55,F,Kinowe,None,Farmer
Kinowe,sh25_7,Yes,36,13,0,5,2,2,10,11,2,3,Higher,1-5,NotAtAll,3,7,No,0,NA,NA,NA,NA,NA,2,80,Yes,Government,No,NA,NA,NA,0,20,30,4,0,CommunityMembers,No,NA,No,NA,No,20,62,F,Kinowe,None,Farmer
Kinowe,sh25_8,Yes,36,13,0,4,6,1,6,9,4,8,Higher,11 or more,NotAtAll,6,5,Yes,10,Yes,2,Tumbe Magharibi;Shumba,2,Tumbe Magharibi;Shumba,3,2,Yes,Government,No,NA,NA,NA,2,10,15,1,0,Government,Yes,No,No,NA,Yes,NA,22,M,Kinowe,Form2,Livestock
Kinowe,sh25_9,Yes,36,13,0,8,3,0,5,8,3,11,Higher,1-5,Completely,4,3,Yes,15,Yes,2,Tumbe Magharibi;Micheweni,2,Tumbe Magharibi;Micheweni,1,10,Yes,Government,No,NA,NA,NA,20,1000,2000,2,2,NA,NA,NA,NA,NA,Yes,NA,68,M,Kinowe,Standard2,Farmer
Kinowe,sh25_10,Yes,36,13,0,6,2,0,5,10,3,6,Higher,11 or more,Completely,5,3,Yes,10,Yes,2,Tumbe Magharibi;Kinowe,2,Tumbe Magharibi;Kinowe,2,100,Yes,OutsideOrganization,No,NA,NA,NA,5,1000,3000,2,2,CommunityMembers,No,NA,No,NA,Yes,NA,58,M,Kinowe,Standard4,Farmer
Kifundi,sh26_1,Yes,57,19,0,11,6,0,8,12,2,6,Higher,1-5,Completely,5,7,Yes,3,Yes,2,Mgagoni;Gando,1,Gando,15,200,Yes,CommunityMembers,Yes,CommunityMembers,Yes,Increase,3,50,100,2,2,CommunityMembers,Yes,No,Yes,No,Yes,NA,25,M,Kipangani,Form4,Farmer
Kifundi,sh26_2,Yes,57,19,0,17,2,0,4,9,3,7,Higher,1-5,NotAtAll,2,3,No,0,NA,NA,NA,NA,NA,3,600,Yes,PembanOrganization,Yes,Government,No,Decrease,0,10,5,2,1,CommunityMembers,Yes,Yes,Yes,Yes,Yes,NA,25,M,Kipangani,Form2,Farmer
Kifundi,sh26_3,Yes,57,19,0,11,2,0,4.5,2,3,4.5,Higher,1-5,NotAtAll,1,3,Yes,11,Yes,2,Gando;Kipangani,1,Gando,4,220,Yes,CommunityMembers,Yes,CommunityMembers,Yes,Increase,6,100,300,6,3,CommunityMembers,Yes,Yes,Yes,Yes,No,25,48,M,Kipangani,Standard10,Business
Kifundi,sh26_4,Yes,57,19,0,8,2,4,3,10,1,2.5,Higher,6-10,Somewhat,3,2,Yes,10,Yes,3,Gando;Kipangani;Tondooni,3,Gando;Kipangani;Tondooni,2,100,Yes,CommunityMembers,Yes,CommunityMembers,Yes,Increase,20,50,100,4,2,CommunityMembers,Yes,Yes,Yes,Yes,Yes,NA,51,M,Bandari Kuu,Madrasa,Farmer
Kifundi,sh26_5,Yes,57,19,0,12,6,0,3,7,5,7,Higher,6-10,Completely,5,4,Yes,5,Yes,2,Konde;Kipangani,1,Kipangani,2,60,No,CommunityMembers,Yes,CommunityMembers,Yes,Increase,0,100,200,1,1,CommunityMembers,Yes,Yes,No,NA,No,40,58,M,Kipangani,Madrasa,Craftsman
Kifundi,sh26_6,Yes,57,19,0,4,7,0,8,9,20,40,Higher,6-10,Completely,4,6,Yes,4,Yes,2,Mgagoni;Chimba,0,NA,12,200,Yes,OutsideOrganization,Yes,CommunityMembers,Yes,Increase,3,10,20,4,2,CommunityMembers,Yes,No,Yes,No,No,30,60,M,Kipangani,Standard8,Farmer
Kifundi,sh26_7,Yes,57,19,0,9,4,2,7,5,3,10,Higher,1-5,NotAtAll,3,2,Yes,10,No,NA,NA,NA,NA,1,20,Yes,CommunityMembers,Yes,PembanOrganization,No,Decrease,0,100,110,5,2,CommunityMembers,Yes,Yes,Yes,Yes,No,16,25,F,Kipangani,None,Farmer
Kifundi,sh26_8,Yes,57,19,0,10,3,5,7,4,3,6,Higher,1-5,Somewhat,6,8,No,0,NA,NA,NA,NA,NA,8,26,Yes,Government,Yes,Government,Yes,Increase,5,144,200,4,2,TASAF,Yes,Yes,Yes,No,No,20,40,F,Kipangani,Standard6,Farmer
Kifundi,sh26_9,Yes,57,19,0,15,2,1,8,4,3,12,Higher,1-5,Somewhat,5,6,No,0,NA,NA,NA,NA,NA,3,60,Yes,CommunityMembers,Yes,CommunityMembers,Yes,Decrease,2,10,20,2,1,CommunityMembers,Yes,No,Yes,No,Yes,NA,21,F,Kipangani,NA,Farmer
Kifundi,sh26_10,Yes,57,19,0,9,2,3,7,10,3,5,Higher,6-10,NotAtAll,4,7,No,0,NA,NA,NA,NA,NA,25,100,Yes,CommunityMembers,No,NA,NA,NA,0,100,200,1,1,CommunityMembers,Yes,No,Yes,No,Yes,NA,30,F,Kipangani,None,Farmer
Shumba Mjini,sh27_1,Yes,79,60,0,0,0,60,4,2,1,3,Lower,NA,NA,6,6,Yes,10,Yes,3,Kiuyu;Tumbe;Shanke,1,Shanke,10,100,No,NA,Yes,CommunityMembers,No,Increase,5,3,10,6,0,NA,No,NA,Yes,No,Yes,NA,25,F,Shumba Mjini,7,Farmer
Shumba Mjini,sh27_2,Yes,79,60,0,37,19,4,6,15,4,8,Lower,NA,NA,8,4,No,0,NA,NA,NA,NA,NA,6,50,Yes,CommunityMembers,Yes,OutsideOrganization,No,Increase,0,50,100,4,4,CommunityMembers,Yes,No,No,NA,Yes,NA,38,M,Shumba Mjini,None,Fisherman
Shumba Mjini,sh27_3,Yes,79,60,0,30,15,3,7,10,8,10,Lower,NA,NA,5,3,No,0,NA,NA,NA,NA,NA,1,20,Yes,CommunityMembers,Yes,OutsideOrganization,Yes,Increase,0,10,100,3,0,CommunityMembers,Yes,No,No,NA,Yes,NA,40,F,Shumba Mjini,None,Farmer
Shumba Mjini,sh27_4,Yes,79,60,0,29,17,0,5,7,4,7,Lower,NA,NA,3,2.5,Yes,0.25,Yes,3,Tumbe;Micheweni;Shanake,3,Tumbe;Micheweni;Shanake,1.5,15,Yes,CommunityMembers,Yes,CommunityMembers,Yes,Increase,0,NA,1000,NA,NA,CommunityMembers,Yes,Yes,Yes,No,Yes,NA,58,F,Shumba Mjini,Standard12,Farmer
Shumba Mjini,sh27_5,No,79,60,0,0,0,61,3,11,3,6,Higher,1-5,Somewhat,8,7,No,0,NA,NA,NA,NA,NA,4,11,No,NA,Yes,NA,No,Increase,4,100,0,NA,NA,NA,NA,NA,Yes,Yes,Yes,NA,32,M,Shumba Mjini,None,Fisherman
Shumba Mjini,sh27_6,Yes,79,60,0,12,9,3,11,8,5,10,Higher,1-5,NotAtAll,9,3,Yes,4,No,NA,NA,NA,NA,4,2000,Yes,CommunityMembers,Yes,CommunityMembers,Yes,Increase,0,50,70,NA,NA,NA,No,NA,No,NA,Yes,NA,45,M,Shumba Mjini,None,Fisherman
Shumba Mjini,sh27_7,No,79,60,0,1,4,31,5,20,1.5,8,Same,NA,NA,9,4,No,0,NA,NA,NA,NA,NA,2,30,Yes,CommunityMembers,Yes,CommunityMembers,No,Increase,0,4,NA,4,0,CommunityMembers,Yes,No,No,NA,Yes,NA,32,F,Shumba Mjini,None,Farmer
Shumba Mjini,sh27_8,Yes,79,60,0,44,14,3,5,7,4,6,Higher,1-5,Somewhat,7,4,Yes,10,Yes,3,Tumbe Magharibi;Micheweni;Shanake,3,Tumbe Magharibi;Micheweni;Shanake,2,60,Yes,CommunityMembers,Yes,CommunityMembers,Yes,Increase,19,10,50,3,3,TASAF,Yes,No,Yes,No,Yes,NA,38,M,Shumba Mjini,Diploma,Government
Shumba Mjini,sh27_9,Yes,79,60,0,41,5,4,5,15,2,3,Higher,6-10,Somewhat,8,5,Yes,8,Yes,2,Micheweni;Tumbe,1,Micheweni,3,2,Yes,CommunityMembers,Yes,CommunityMembers,Yes,Increase,0,6,NA,100,NA,CommunityMembers,Yes,No,Yes,Yes,Yes,NA,20,F,Shumba Mjini,12,Craftsman
Shumba Mjini,sh27_10,Yes,79,60,0,18,8,0,10,15,4,6,Same,NA,NA,12,8,Yes,5,Yes,1,Tumbe Mashariki,NA,NA,5,50,Yes,NA,Yes,CommunityMembers,Yes,Increase,0,10000,20000,NA,NA,NA,No,NA,No,NA,Yes,NA,30,M,Shumba Mjini,None,Fisherman
Kiuyu Mbuyuni,sh28_1,Yes,67,10,0,4,4,0,4,3,2,4,Higher,1-5,Completely,4,6,Yes,40,Yes,2,Shanake;Kiuyu,2,Shanake;Kiuyu,20,30,Yes,CommunityMembers,Yes,CommunityMembers,Yes,Increase,5,50,30,10,5,TASAF,Yes,No,Yes,No,Yes,NA,25,M,Kiuyu Mbuyuni,Form3,Fisherman
Kiuyu Mbuyuni,sh28_2,Yes,67,10,0,6,4,0,4,12,2,4,Higher,1-5,NotAtAll,3,4,Yes,10,Yes,3,Kiuyu;Maziwa Ngombe;Micheweni,2,Maziwa Ngombe;Micheweni,15,20,Yes,CommunityMembers,Yes,CommunityMembers,Yes,Increase,6,50,300,6,6,TASAF,Yes,Yes,Yes,Yes,Yes,NA,63,M,Kiuyu Mbuyuni,Standard7,Fisherman
Kiuyu Mbuyuni,sh28_3,Yes,67,10,0,7,2,0,5,4,3,4,Lower,NA,NA,3,6,Yes,10,Yes,2,Shanake;Kiuyu,2,Shanake;Kiuyu,3,50,Yes,CommunityMembers,Yes,CommunityMembers,Yes,Increase,3,40,100,10,2,CommunityMembers,Yes,No,Yes,No,Yes,NA,22,M,Kiuyu Mbuyuni,None,Fisherman
Kiuyu Mbuyuni,sh28_4,Yes,67,10,0,4,6,0,1.5,3,2.5,3.5,Higher,1-5,Completely,5,8,Yes,5,Yes,2,Micheweni;Maziwa Ngombe,1,Micheweni,3,200,Yes,CommunityMembers,Yes,CommunityMembers,Yes,Increase,5,50,150,10,3,TASAF,Yes,Yes,Yes,No,Yes,NA,43,M,Kiuyu Mbuyuni,None,Fisherman
Kiuyu Mbuyuni,sh28_5,Yes,67,10,0,5,4,0,2.5,8,2,4.5,Same,NA,NA,3,4.5,Yes,16,Yes,3,Micheweni;Kiuyu;Maziwa Ngombe,1,Micheweni,2,5,Yes,CommunityMembers,Yes,CommunityMembers,Yes,Increase,5,100,1000,5,3,CommunityMembers,Yes,NA,Yes,No,Yes,NA,24,M,Kiuyu Mbuyuni,Kidato cha 4,Farmer
Kiuyu Mbuyuni,sh28_6,Yes,67,10,0,5,4,1,3,12,2,5,Same,NA,NA,3,6,Yes,10,Yes,3,Kiuyu;Maziwa Ngombe;Micheweni,3,Kiuyu;Maziwa Ngombe;Micheweni,3,120,Yes,CommunityMembers,Yes,CommunityMembers,Yes,Increase,6,50,40,3,2,CommunityMembers,Yes,No,Yes,No,No,28,29,F,Kiuyu Mbuyuni,None,Farmer
Kiuyu Mbuyuni,sh28_7,Yes,67,10,0,2,6,1,2.5,4,2,5,Lower,NA,NA,3,6,Yes,20,Yes,2,Kiuyu;Maziwa Ngombe,2,Kiuyu;Maziwa Ngombe,4,150,Yes,CommunityMembers,Yes,CommunityMembers,Yes,Increase,3,20,40,2,3,CommunityMembers,Yes,No,Yes,No,Yes,NA,31,F,Kiuyu Mbuyuni,Standard7,Farmer
Kiuyu Mbuyuni,sh28_8,Yes,67,10,0,2,5,1,3,5,4,5,Same,NA,NA,3,6,Yes,15,Yes,2,Kiuyu;Maziwa Ngombe,2,Kiuyu;Maziwa Ngombe,3,200,Yes,CommunityMembers,Yes,CommunityMembers,Yes,Increase,2,10,50,3,3,CommunityMembers,Yes,No,Yes,No,Yes,NA,30,F,Kiuyu Mbuyuni,None,Business
Kiuyu Mbuyuni,sh28_9,Yes,67,10,0,4,3,1,2.5,4,3,5,Same,NA,NA,3,5,Yes,15,Yes,3,Kiuyu;Maziwa Ngombe;Micheweni,3,Kiuyu;Maziwa Ngombe;Micheweni,3,120,Yes,CommunityMembers,Yes,CommunityMembers,Yes,Increase,2,25,50,3,2,CommunityMembers,Yes,No,Yes,No,Yes,NA,23,F,Kiuyu Mbuyuni,Diploma,Government
Kiuyu Mbuyuni,sh28_10,Yes,67,10,0,1,1,0,3,5,2.5,5,Same,NA,NA,4,5,Yes,30,Yes,3,Kiuyu;Maziwa Ngombe;Micheweni,2,Kiuyu;Maziwa Ngombe,2,4,Yes,CommunityMembers,Yes,CommunityMembers,Yes,Increase,16,50,100,6,4,TASAF,Yes,Yes,Yes,Yes,Yes,NA,64,M,Mwikibaba,Standard11,Government
Ziwani,sh29_1,Yes,65,20,0,0,0,20,15,13,14,15,Higher,1-5,Somewhat,7,3,No,0,NA,NA,NA,NA,NA,12,10,Yes,CommunityMembers,No,NA,NA,NA,0,100,250,0,NA,CommunityMembers,No,NA,No,NA,Yes,NA,22,F,Kiwapwa,Form4,Business
Ziwani,sh29_2,Yes,65,20,0,6,0,14,12,6,4,20,Higher,6-10,NotAtAll,6,2,No,0,NA,NA,NA,NA,NA,6,600,No,CommunityMembers,No,NA,NA,NA,0,5,5,0,NA,NA,No,NA,No,NA,Yes,NA,19,M,Kwale,Form2,Livestock
Ziwani,sh29_3,Yes,65,20,0,1,0,16,15,12,10,20,Same,NA,NA,4,2,No,0,NA,NA,NA,NA,NA,2,30,Yes,Government,Yes,CommunityMembers,No,Increase,0,20,100,0,0,CommunityMembers,Yes,Yes,No,NA,No,22,40,F,Kwale,9,Farmer
Ziwani,sh29_4,Yes,65,20,0,5,7,2,8,12,8,18,Higher,6-10,Completely,3,1.5,No,0,NA,NA,NA,NA,NA,4,50,Yes,CommunityMembers,No,NA,NA,NA,0,50,100,0,0,NA,No,NA,No,NA,Yes,NA,32,M,Sokoni,Form4,Craftsman
Ziwani,sh29_5,Yes,65,20,0,0,0,20,16,8,4,10,Higher,11 or more,Completely,2,3,No,0,NA,NA,NA,NA,NA,3,150,Yes,CommunityMembers,No,NA,NA,NA,0,10,30,3,2,CommunityMembers,Yes,Yes,Yes,Yes,Yes,NA,35,F,Sokoni,Form4,Government
Ziwani,sh29_6,Yes,65,20,0,5,11,1,20,4,3,5.5,Higher,11 or more,Completely,4,8,No,0,NA,NA,NA,NA,NA,1,150,Yes,Government,No,NA,NA,NA,0,100,200,3,2,TASAF,Yes,Yes,Yes,Yes,Yes,NA,40,F,Ziwani,Form4,Craftsman
Ziwani,sh29_7,Yes,65,20,0,15,4,0,10,6,7,15,Same,NA,NA,3,2,Yes,2,Yes,2,Mbuzini;Kwale,0,NA,2,100,Yes,CommunityMembers,Yes,CommunityMembers,Yes,Increase,2,100,200,1,0,CommunityMembers,Yes,Yes,Yes,Yes,Yes,NA,35,M,Kwale,Form4,Farmer
Ziwani,sh29_8,Yes,65,20,0,5,8,0,5,7,4,10,Higher,6-10,Somewhat,5,7,Yes,2,Yes,3,Kwale;Ndagoni;Kisiwani,2,Kwale;Kisiwani,2,20,Yes,CommunityMembers,Yes,CommunityMembers,Yes,Increase,6,1000,200,3,3,CommunityMembers,Yes,Yes,Yes,Yes,Yes,NA,63,M,Pembeni,Form4,Farmer
Ziwani,sh29_9,Yes,65,20,0,14,0,6,20,15,2,6,Higher,11 or more,Somewhat,5,2,No,0,NA,NA,NA,NA,NA,4,150,Yes,Government,Yes,CommunityMembers,Yes,Increase,0,10,50,0,0,CommunityMembers,Yes,Yes,Yes,Yes,Yes,NA,44,F,Kiwapwa,Form2,Craftsman
Ziwani,sh29_10,Yes,65,20,0,10,10,0,10,15,5,15,Higher,1-5,Completely,2,4,Yes,2,Yes,2,Mbuzini;Kwale,2,Mbuzini;Kwale,3,600,Yes,Government,Yes,CommunityMembers,Yes,Increase,20,100,200,5,5,CommunityMembers,Yes,No,Yes,Yes,Yes,NA,50,M,Pembeni,None,Fisherman
Kisiwani,sh30_1,Yes,68,21,0,9,3,6,5,3,0.5,2.5,Same,NA,NA,2,1,Yes,3,No,NA,NA,NA,NA,1,100,Yes,CommunityMembers,No,NA,NA,NA,0,20,50,0,NA,NA,No,NA,No,NA,Yes,NA,25,M,Kisiwani,7,Farmer
Kisiwani,sh30_2,Yes,68,21,0,7,7,2,7,5,3,6,Same,NA,NA,3,0.5,No,0,NA,NA,NA,NA,NA,1,3,Yes,Government,Yes,Government,Yes,Increase,0,100,400,2,3,Government,No,NA,No,NA,Yes,NA,23,F,Kisiwani,6,Business
Kisiwani,sh30_3,Yes,68,21,0,11,2,2,4,6,0.5,1,Higher,6-10,Completely,3,2,No,0,NA,NA,NA,NA,NA,0.5,NA,Yes,CommunityMembers,No,NA,NA,NA,0,100,200,0,NA,NA,No,NA,No,NA,Yes,NA,51,M,Kisiwani,Standard7,Livestock
Kisiwani,sh30_4,Yes,68,21,0,10,6,2,10,6,0.66,10,Same,NA,NA,3,2,No,0,NA,NA,NA,NA,NA,1,2,Yes,CommunityMembers,Yes,Government,No,Decrease,0,1000,2000,0,NA,NA,No,NA,No,NA,Yes,NA,24,F,Kisiwani,Form4,Craftsman
Kisiwani,sh30_5,Yes,68,21,0,9,5,6,10,6,5,10,Higher,6-10,Completely,4,2.5,No,0,NA,NA,NA,NA,NA,0.5,100,Yes,Government,Yes,Government,No,Increase,0,1000,2000,0,NA,NA,No,NA,No,NA,Yes,NA,28,F,Kisiwani,10,Government
Kisiwani,sh30_6,Yes,68,21,0,9,7,2,7,8,0.75,3,Higher,1-5,Somewhat,4,1,No,0,NA,NA,NA,NA,NA,1,100,Yes,Government,No,NA,NA,NA,0,200,400,0,NA,NA,No,NA,No,NA,Yes,NA,38,M,Kisiwani,Form4,Government
Kisiwani,sh30_7,Yes,68,21,0,8,9,3,6,10,0.5,1,Same,NA,NA,6,1,No,0,NA,NA,NA,NA,NA,1,2,Yes,CommunityMembers,No,NA,NA,NA,0,20,40,0,NA,NA,Yes,No,No,NA,Yes,NA,25,M,Kisiwani,Form4,Farmer
Kisiwani,sh30_8,Yes,68,21,0,6,8,7,9,3,0.83,1.5,Same,NA,NA,6,3,No,0,NA,NA,NA,NA,NA,1,3,Yes,CommunityMembers,No,NA,NA,NA,0,20,30,0,NA,NA,Yes,No,No,NA,Yes,NA,21,M,Kisiwani,Secondary,Craftsman
Kisiwani,sh30_9,Yes,68,21,0,13,4,2,10,4,3,5,Same,NA,NA,2,1.5,No,0,NA,NA,NA,NA,NA,1,300,Yes,CommunityMembers,No,NA,NA,NA,0,50,100,0,NA,NA,No,NA,No,NA,Yes,NA,36,M,Kijumbani,Form4,Livestock
Kisiwani,sh30_10,Yes,68,21,0,4,2,2,8,2,4,6,Lower,NA,NA,2,2,No,0,NA,NA,NA,NA,NA,4,80,Yes,CommunityMembers,No,NA,NA,NA,0,30,160,0,NA,NA,No,NA,No,NA,Yes,NA,66,M,Kisiwani,7,Farmer
Ndagoni,sh31_1,Yes,60,40,0,32,3,5,15,1,3,10,Higher,1-5,Somewhat,3,5,Yes,5,Yes,3,Wesha;Kwale;Tundauwa,3,Wesha;Kwale;Tundauwa,5,500,Yes,CommunityMembers,No,NA,NA,NA,0,50,100,2,2,TASAF,Yes,No,Yes,No,Yes,NA,28,M,Ndagoni,Form2,Fisherman
Ndagoni,sh31_2,Yes,60,40,0,11,28,0,10,7,7,10,Higher,11 or more,Completely,3,3,No,0,No,NA,NA,NA,NA,4,100,Yes,CommunityMembers,NA,NA,NA,NA,NA,NA,NA,NA,NA,NA,Yes,Yes,Yes,Yes,Yes,NA,55,M,Ndagoni,Standard10,Livestock
Ndagoni,sh31_3,Yes,60,40,0,24,15,0,9.5,16,5.5,8,Higher,6-10,Somewhat,2,4.5,No,0,NA,NA,NA,NA,NA,27,52,Yes,CommunityMembers,No,NA,NA,NA,0,750,2000,1,1,TASAF,Yes,No,Yes,No,Yes,NA,44,M,Buyuni,Form2,Fisherman
Ndagoni,sh31_4,Yes,60,40,0,13,13,7,7,3,2.5,5,Higher,11 or more,Completely,2,4,Yes,15,Yes,1,Kwale,1,Kwale,2,100,Yes,CommunityMembers,Yes,CommunityMembers,No,Increase,0,50,150,30,20,TASAF,No,NA,No,NA,Yes,NA,24,M,Ndagoni,Diploma,Business
Ndagoni,sh31_5,Yes,60,40,0,13,11,1,10,10,20,30,Higher,6-10,Somewhat,2,NA,No,0,NA,NA,NA,NA,NA,2,100,Yes,NA,No,NA,NA,NA,0,NA,2,0,NA,NA,Yes,Yes,Yes,No,Yes,NA,36,F,Utaani,None,Farmer
Ndagoni,sh31_6,Yes,60,40,0,12,5,14,12,10,8,12,Same,NA,NA,4,4,No,0,NA,NA,NA,NA,NA,2,30,Yes,CommunityMembers,No,NA,NA,NA,0,10,50,8,2,TASAF,Yes,No,Yes,No,Yes,NA,35,F,Buyuni,Form4,Business
Ndagoni,sh31_7,Yes,60,40,0,6,10,10,30,6,13,20,Same,NA,NA,4,2,No,0,NA,NA,NA,NA,NA,5,200,Yes,PembanOrganization,No,NA,NA,NA,0,50,100,5,2,TASAF,Yes,No,Yes,No,Yes,NA,23,M,Buyuni,Form2,Business
Ndagoni,sh31_8,Yes,60,40,0,11,7,3,15,5,8,12,Higher,6-10,Completely,8,6,No,0,NA,NA,NA,NA,NA,0,50,Yes,CommunityMembers,No,NA,NA,NA,0,50,100,2,2,TASAF,Yes,No,Yes,No,Yes,NA,30,F,Utaani,Form4,Farmer
Ndagoni,sh31_9,Yes,60,40,0,12,13,5,20,30,40,70,Same,NA,NA,4,5,No,0,NA,NA,NA,NA,NA,3,50,Yes,CommunityMembers,No,NA,NA,NA,10,20,18,3,0,CommunityMembers,No,No,Yes,No,Yes,NA,60,M,Utaani,Standard4,Fisherman
Ndagoni,sh31_10,Yes,60,40,0,11,12,7,15,17,10,13,Higher,1-5,Somewhat,5,4,Yes,5,Yes,2,Wesha;Kwale,1,Kwale,1,50,Yes,CommunityMembers,No,NA,NA,NA,0,100,500,2,2,TASAF,Yes,Yes,Yes,No,Yes,NA,45,F,Buyuni,Form4,Farmer
Kibokoni,sh32_1,Yes,30,4,0,3,0,1,5,7,3,10,Higher,11 or more,Completely,4,4,No,0,NA,NA,NA,NA,NA,2,8,Yes,CommunityMembers,No,NA,NA,NA,0,10,15,0,NA,NA,Yes,No,Yes,No,Yes,NA,30,F,Matungu,Form4,Farmer
Kibokoni,sh32_2,Yes,30,4,0,1,1,1,7,3,5,7,Same,NA,NA,2,3,No,0,NA,NA,NA,NA,NA,3,1500,Yes,CommunityMembers,No,NA,NA,NA,0,100,200,0,NA,NA,No,NA,No,NA,Yes,NA,24,M,Gemalao,10,Farmer
Kibokoni,sh32_3,Yes,30,4,0,1,1,1,10,15,30,40,Higher,11 or more,Completely,5,3,No,0,NA,NA,NA,NA,NA,3,20,Yes,Government,No,NA,NA,NA,0,10,40,0,NA,NA,No,NA,No,NA,No,21,38,F,Kisiwani,Form2,Farmer
Kibokoni,sh32_4,Yes,30,4,0,1,3,0,4,5,3,10,Same,6-10,Somewhat,4,2,No,0,NA,NA,NA,NA,NA,1,100,Yes,CommunityMembers,No,NA,NA,NA,0,30,60,0,NA,NA,Yes,No,Yes,No,Yes,NA,28,M,Umangani,Form2,Farmer
Kibokoni,sh32_5,Yes,30,4,0,2,2,0,10,25,10,15,Higher,6-10,Somewhat,3,5,No,0,NA,NA,NA,NA,NA,2,400,Yes,CommunityMembers,No,NA,NA,NA,1000,100,300,1,1,CommunityMembers,No,NA,No,NA,Yes,NA,51,M,Gemalao,Form1,Craftsman
Kibokoni,sh32_6,Yes,30,4,0,1,1,1,5,5,2,5,Lower,NA,NA,6,3,Yes,6,Yes,2,Vitongoji;Furaha,1,Vitongoji,4,30,Yes,CommunityMembers,No,NA,NA,NA,0,100,300,0,NA,NA,No,NA,No,NA,Yes,NA,26,F,Matungu,Ngazi ya Cheti,Craftsman
Kibokoni,sh32_7,Yes,30,4,0,1,2,1,10,15,4,5,Higher,11 or more,Somewhat,5,4,Yes,8,Yes,1,Furaha,1,Furaha,1,300,Yes,CommunityMembers,No,NA,NA,NA,0,30,100,0,NA,NA,No,NA,No,NA,Yes,NA,30,M,Matungu,Form2,Livestock
Kibokoni,sh32_8,Yes,30,4,0,2,2,0,5,7,3,7,Higher,11 or more,Somewhat,3,2,No,0,NA,NA,NA,NA,NA,4,30,Yes,CommunityMembers,Yes,CommunityMembers,Yes,Increase,0,20,50,0,NA,NA,Yes,No,No,NA,Yes,NA,23,M,Vunjamembo,Kitato cha nne,Craftsman
Kibokoni,sh32_9,Yes,30,4,0,2,2,0,10,3,4,6,Higher,6-10,Somewhat,4,3,Yes,7,Yes,2,Vitongoji;Furaha,1,Furaha,3,600,Yes,CommunityMembers,No,NA,NA,NA,0,20,100,0,NA,NA,No,NA,No,NA,Yes,NA,21,M,Umangani,Form4,Farmer
Kibokoni,sh32_10,Yes,30,4,0,0,1,1,5,8,10,15,Lower,NA,NA,3,2,No,0,NA,NA,NA,NA,NA,2,8000,Yes,Government,No,NA,NA,NA,0,30,60,0,NA,NA,Yes,No,Yes,No,Yes,NA,45,F,Darajani,Form2,Farmer
Chonga,sh33_1,Yes,61,6,0,2,0,4,20,8,3,6,Same,NA,NA,2,2,No,0,NA,NA,NA,NA,NA,1.5,20,Yes,CommunityMembers,Yes,Government,Yes,Increase,0,50,70,1,0,TASAF,Yes,Yes,No,No,Yes,NA,21,M,Chanoni,Form4,Farmer
Chonga,sh33_2,Yes,61,6,0,0,2,1,10,8,3,7,Higher,6-10,Somewhat,4,2,No,0,NA,NA,NA,NA,NA,2,30,Yes,CommunityMembers,No,NA,NA,NA,0,50,100,0,NA,NA,No,NA,No,NA,Yes,NA,50,F,Kipapo,Form3,Farmer
Chonga,sh33_3,Yes,61,6,0,1,3,1,5,5,3,5,Same,NA,NA,6,4,Yes,10,No,NA,NA,NA,NA,1,100,Yes,CommunityMembers,No,NA,NA,NA,0,50,50,1,0,TASAF,Yes,Yes,No,NA,Yes,NA,40,F,Kipapo,Form4,Farmer
Chonga,sh33_4,Yes,61,6,0,2,0,0,20,10,3,20,Higher,11 or more,Completely,4,4,Yes,4,Yes,2,Kilindi;Mgelema,1,Mgelema,1,15,Yes,CommunityMembers,Yes,Government,No,Increase,0,50,60,1,1,TASAF,Yes,Yes,Yes,Yes,Yes,NA,30,M,Kwngeni,Form4,Farmer
Chonga,sh33_5,Yes,61,6,0,4,1,1,3,5,6,12,Higher,11 or more,Completely,6,NA,Yes,7,No,NA,NA,NA,NA,2,20,Yes,CommunityMembers,Yes,CommunityMembers,Yes,Increase,0,10,20,0,NA,NA,Yes,No,Yes,No,No,22,55,F,Chanoni,Standard10,Farmer
Chonga,sh33_6,Yes,61,6,0,1,3,1,5,5,3,6.5,Higher,11 or more,Completely,4,5,Yes,5,No,NA,NA,NA,NA,1,4,Yes,CommunityMembers,No,NA,NA,NA,0,40,60,1,0,TASAF,Yes,Yes,No,NA,Yes,NA,44,F,Kipapo,Standard8,Farmer
Chonga,sh33_7,Yes,61,6,0,4,2,0,20,5,4,9,Higher,11 or more,Completely,7,4,Yes,5,Yes,1,Ndanoni,0,NA,20,30,Yes,Government,No,NA,NA,NA,0,NA,NA,30,0,NA,Yes,Yes,Yes,Yes,Yes,NA,21,M,Chanoni,Standard10,Farmer
Chonga,sh33_8,Yes,61,6,0,1,3,2,15,12,3,8,Same,NA,NA,4,4,Yes,6,No,NA,NA,NA,NA,3,200,Yes,CommunityMembers,No,NA,NA,NA,0,50,150,1,1,CommunityMembers,Yes,Yes,No,NA,No,20,50,F,Chamjawiri,Form4,Farmer
Chonga,sh33_9,Yes,61,6,0,1,2,1,3,2,1,4,Same,NA,NA,5,3,Yes,4,Yes,4,Matale;Madungu;Chanjaani;Punjini,3,Matale;Punjini;Madungu,0.5,100,Yes,Government,No,NA,NA,NA,0,100,300,0,NA,NA,Yes,No,No,NA,Yes,NA,24,F,Chonga,Form3,Farmer
Chonga,sh33_10,Yes,61,6,0,4,1,1,5,10,3,5,Same,NA,NA,5,2,Yes,6,No,NA,NA,NA,NA,3,20,Yes,Government,Yes,Government,No,Increase,0,10,30,0,NA,NA,Yes,No,Yes,No,Yes,NA,36,F,Kipapo,Form2,Farmer
Chonga,sh33_11,Yes,61,6,0,0,4,0,10,7,3,5,Higher,1-5,Somewhat,3,3,No,0,NA,NA,NA,NA,NA,1,30,Yes,CommunityMembers,Yes,CommunityMembers,No,Increase,0,30,50,0,NA,NA,Yes,Yes,No,NA,Yes,NA,35,M,Kipapo,Form4,Farmer
Mgelema,sh34_1,Yes,26,8,0,3,1,2,35,3,5,25,Same,NA,NA,25,27,No,0,NA,NA,NA,NA,NA,180,110,Yes,PembanOrganization,Yes,CommunityMembers,Yes,Increase,0,180,20,0,NA,NA,Yes,No,Yes,No,No,30,35,F,Utaani,Form2,Farmer
Mgelema,sh34_2,Yes,26,8,0,2,0,1,15,5,2,5,Higher,6-10,Somewhat,2,1,No,0,NA,NA,NA,NA,NA,0,0,Yes,CommunityMembers,Yes,OutsideOrganization,Yes,Increase,0,20,40,0,NA,NA,Yes,No,No,NA,Yes,NA,29,M,Utaani,Form4,Fisherman
Mgelema,sh34_3,Yes,26,8,0,4,1,1,13,8,3,6,Higher,1-5,NotAtAll,2,1,No,0,NA,NA,NA,NA,NA,0,0,Yes,PembanOrganization,Yes,OutsideOrganization,Yes,Increase,0,20,50,0,NA,NA,Yes,No,No,NA,Yes,NA,43,M,Utaani,Standard10,Craftsman
Mgelema,sh34_4,Yes,26,8,0,3,1,1,10,15,4,20,Higher,6-10,Somewhat,3,2,Yes,4,Yes,2,Kilindi;Wambaa,1,Wambaa,1,20,Yes,NA,Yes,CommunityMembers,Yes,Decrease,0,20,40,3,3,CommunityMembers,Yes,Yes,No,NA,Yes,NA,20,F,Utaani,Standard8,Farmer
Mgelema,sh34_5,Yes,26,8,0,5,1,1,4,10,1,2,Higher,6-10,Somewhat,3,4,No,0,NA,NA,NA,NA,NA,15,20,Yes,CommunityMembers,Yes,OutsideOrganization,Yes,Increase,0,10,5,0,NA,NA,Yes,No,No,NA,Yes,NA,30,M,Mchenzani,Form2,Business
Mgelema,sh34_6,Yes,26,8,0,3,4,1,10,11,5,8,Higher,6-10,Somewhat,1,0.5,No,0,NA,NA,NA,NA,NA,2,50,Yes,CommunityMembers,No,NA,NA,NA,0,5,10,0,NA,NA,Yes,No,No,NA,Yes,NA,40,F,Michenzani,None,Farmer
Mgelema,sh34_7,Yes,26,8,0,3,3,0,5,6,3,8,Higher,6-10,Completely,2,2,No,0,NA,NA,NA,NA,NA,6,10,Yes,CommunityMembers,Yes,CommunityMembers,Yes,Increase,4,10,20,3,3,CommunityMembers,Yes,Yes,Yes,Yes,Yes,NA,60,F,Chabogoa,None,Farmer
Mgelema,sh34_8,Yes,26,8,0,5,3,0,18,10,6,20,Same,NA,NA,2,1,Yes,3,Yes,2,Pujini;Wambaa,2,Pujini;Wambaa,21,100,Yes,Government,Yes,Government,Yes,Increase,0,30,25,0,NA,NA,Yes,No,Yes,No,Yes,NA,48,M,Mchogani,6,Fisherman
Mgelema,sh34_9,Yes,26,8,0,2,2,1,12,7,9,25,Higher,11 or more,Completely,1,3,No,0,NA,NA,NA,NA,NA,30,500,Yes,Government,Yes,Government,Yes,Increase,0,400,300,0,NA,NA,Yes,No,No,NA,Yes,NA,24,F,Mgelema,Standard6,Farmer
Mgelema,sh34_10,Yes,26,8,0,5,1,1,18,16,6,11,Higher,6-10,Somewhat,3,2,Yes,25,Yes,2,Wambaa;Tundauwa,2,Wambaa;Tundauwa,14,100,Yes,Government,No,NA,NA,NA,0,20,50,0,NA,NA,Yes,No,Yes,No,No,1,31,M,Michenzani,Standard8,Farmer
Kengeja,sh35_1,Yes,41,17,0,9,3,0,9,17,3,6,Higher,1-5,Somewhat,5,3,Yes,2,No,1,Chole,1,Chole,2,40,No,CommunityMembers,No,NA,NA,NA,0,45,NA,2,2,CommunityMembers,No,NA,No,NA,Yes,NA,34,M,Mwakunguu,Standard9,Craftsman
Kengeja,sh35_2,Yes,41,17,0,3,5,2,5,7,4,6,Higher,6-10,Completely,6,2,Yes,10,Yes,2,Kukuu;Mwambe,2,Kukuu;Mwambe,0,0,Yes,CommunityMembers,No,NA,NA,NA,0,20,40,2,2,TASAF,Yes,No,No,NA,Yes,NA,58,F,Mwakunguu,Standard12,Farmer
Kengeja,sh35_3,Yes,41,17,0,0,8,5,7,4,5,10,Higher,1-5,Somewhat,2,2,Yes,3,No,2,Kangani;Mwambe,2,Kangani;Mwambe,0,0,Yes,CommunityMembers,No,NA,NA,NA,4,5,6,0,NA,NA,No,NA,No,NA,Yes,NA,40,M,Mwakunguu,None,Farmer
Kengeja,sh35_4,Yes,41,17,0,1,13,0,8,10,5,9,Higher,11 or more,Completely,5,3,Yes,60,Yes,3,Kangani;Kukuu;Mwambe,2,Kangani;Mwambe,6,100,Yes,CommunityMembers,No,NA,NA,NA,0,10,20,2,0,TASAF,No,NA,No,NA,No,25,42,M,Mjiweni,Form4,Business
Kengeja,sh35_5,Yes,41,17,0,2,7,4,2.5,2.5,1.5,10,Same,NA,NA,8,3,Yes,45,Yes,2,Likoni;Shamani,0,NA,0,0,Yes,Government,No,NA,NA,NA,0,20,20,2,2,CommunityMembers,No,NA,No,NA,Yes,NA,30,F,Makaange,Form4,Farmer
Kengeja,sh35_6,Yes,41,17,0,0,17,0,15,7,5,12,Higher,1-5,Completely,4,1,Yes,20,Yes,4,Mwambe;Shamiani;Kangani;Kukuu,0,NA,1,50,Yes,CommunityMembers,No,NA,NA,NA,0,20,50,2,0,TASAF,No,NA,No,NA,Yes,NA,52,M,Mjiweni,Standard11,Farmer
Kengeja,sh35_7,Yes,41,17,0,7,1,0,10,15,5,10,Same,NA,NA,7,5,Yes,20,Yes,3,Chloe;Mchakwe;Shamiani,3,Chloe;Mchakwe;Shamiani,1,50,Yes,CommunityMembers,No,NA,NA,NA,3,20,50,1,1,CommunityMembers,No,NA,No,NA,Yes,NA,43,M,Kahani,None,Farmer
Kengeja,sh35_8,Yes,41,17,0,2,8,2,2.5,5,6,15,Higher,6-10,Completely,4,5,Yes,7,No,2,Chole;Shamiani,0,NA,0,0,Yes,CommunityMembers,No,NA,NA,NA,0,150,200,2,2,TASAF,No,NA,No,NA,Yes,NA,41,F,Likoni,Form2,Farmer
Kengeja,sh35_9,Yes,41,17,0,13,4,0,10,10,3,4,Higher,11 or more,Completely,9,6,Yes,5,Yes,2,Maombe;Kangani,1,Maombe,2,50,Yes,CommunityMembers,No,NA,NA,NA,0,50,200,0,NA,NA,Yes,No,Yes,No,Yes,NA,55,M,Kahani,None,Farmer
Kengeja,sh35_10,Yes,41,17,0,10,6,1,10,12,0.5,1,Higher,11 or more,Completely,6,3,Yes,10,Yes,2,Mwambe;Kukuu,2,Mwambe;Kukuu,12,90,Yes,OutsideOrganization,Yes,CommunityMembers,Yes,Increase,0,100,150,1,0,TASAF,No,NA,No,NA,Yes,NA,58,F,Kwa Kyanga,Standard4,Business
Chambani,sh36_1,Yes,84,28,0,10,2,0,7,10,3,5,Higher,NA,NA,4,1,Yes,3,Yes,3,Ukutini;Pujini;Tondooni,2,Punjini;Ukutini,1,6000,Yes,PembanOrganization,Yes,CommunityMembers,Yes,Increase,10,100,300,5,5,CommunityMembers,Yes,Yes,No,NA,Yes,NA,48,M,Mtumbini,Standard5,Farmer
Chambani,sh36_2,Yes,84,28,0,5,8,3,5,7,2,6,Higher,11 or more,Completely,4,2,Yes,7,Yes,3,Pujini;Kiwani;Muambe,3,Pujini;Kiwani;Muambe,1,50,Yes,CommunityMembers,Yes,CommunityMembers,Yes,Increase,0,5,15,0,NA,NA,Yes,No,Yes,No,Yes,NA,40,F,Kekewani,Form3,Farmer
Chambani,sh36_3,Yes,84,28,0,3,4,3,3,5,3,4,Same,NA,NA,4,2,No,0,NA,NA,NA,NA,NA,0,0,Yes,CommunityMembers,Yes,CommunityMembers,Yes,Increase,0,2,1000,0,NA,NA,Yes,Yes,No,NA,Yes,NA,24,F,Chwale,Form2,Craftsman
Chambani,sh36_4,Yes,84,28,0,16,1,5,3,3,3,7,Same,NA,NA,2,1,No,0,NA,NA,NA,NA,NA,1,30,Yes,CommunityMembers,Yes,CommunityMembers,Yes,Increase,3,30,50,4,4,CommunityMembers,Yes,No,Yes,No,Yes,NA,30,M,Chwale,Form2,Farmer
Chambani,sh36_5,Yes,84,28,0,4,24,0,6,4,3,8,Higher,6-10,Completely,4,2,Yes,10,Yes,3,Pujini;Muambe;Kiwani,0,NA,1,0,Yes,CommunityMembers,Yes,CommunityMembers,Yes,Increase,20,20,50,0,NA,NA,Yes,No,No,NA,Yes,NA,50,M,Cwale,Standard10,Farmer
Chambani,sh36_6,Yes,84,28,0,18,10,0,9,10,2,11,Same,NA,NA,5,2,Yes,1,No,1,Dodo,1,Dodo,1,100,Yes,CommunityMembers,Yes,CommunityMembers,Yes,Increase,2,10,20,6,0,CommunityMembers,Yes,No,No,NA,No,20,44,F,Mapape,Standard8,Livestock
Chambani,sh36_7,Yes,84,28,0,16,4,4,7,6,2,10,Higher,11 or more,Somewhat,3,1,No,0,NA,NA,NA,NA,NA,20,700,Yes,Government,Yes,CommunityMembers,Yes,Increase,0,100,200,2,0,CommunityMembers,Yes,No,No,NA,Yes,NA,57,M,Tumbini,Form2,NA
Chambani,sh36_8,Yes,84,28,0,14,9,3,3,4,2,5,Higher,6-10,Completely,3,2,Yes,2,Yes,3,Dodo;Mtangani;Muambe,3,Dodo;Mtangani;Muambe,0,0,Yes,PembanOrganization,Yes,CommunityMembers,Yes,Increase,6,50,100,1,1,CommunityMembers,Yes,Yes,No,NA,Yes,NA,60,M,Mtondooni,Form4,Farmer
Chambani,sh36_9,Yes,84,28,0,8,0,9,3,3,3,5,Same,NA,NA,3,2,No,0,NA,NA,NA,NA,NA,2,20,Yes,CommunityMembers,Yes,CommunityMembers,Yes,Increase,2,20,50,2,2,CommunityMembers,Yes,No,No,NA,Yes,NA,22,M,Mapape,Standard10,Farmer
Chambani,sh36_10,Yes,84,28,0,24,2,1,7,10,5,15,Higher,11 or more,Somewhat,7,4,Yes,10,Yes,3,Mtangoni;Kiwani;Mwambe,3,Mtangoni;Kiwani;Mwambe,2,0,Yes,CommunityMembers,Yes,CommunityMembers,Yes,Increase,10,20,30,2,2,CommunityMembers,Yes,Yes,No,NA,Yes,NA,53,M,Matele,Form2,Fisherman
Mbuguani,sh37_1,Yes,32,16,0,1,6,4,15,6,3,5,Higher,6-10,Somewhat,2,1,Yes,5,No,NA,NA,NA,NA,3,100,Yes,PembanOrganization,No,NA,NA,NA,2,5,10,0,NA,NA,No,NA,No,NA,Yes,NA,32,M,Tironi,Standard10,Fisherman
Mbuguani,sh37_2,Yes,32,16,0,3,10,0,5,7,3,6,Higher,11 or more,Completely,2,1,No,0,NA,NA,NA,NA,NA,2,250,Yes,CommunityMembers,No,NA,NA,NA,0,50,100,0,NA,NA,No,NA,Yes,Yes,Yes,NA,59,M,Tironi,Standard7,Fisherman
Mbuguani,sh37_3,Yes,32,16,0,10,4,2,16,7,3,6,Higher,11 or more,Somewhat,2,1.5,Yes,2,No,NA,NA,NA,NA,2,150,Yes,CommunityMembers,No,NA,NA,NA,0,50,100,0,NA,NA,No,NA,No,NA,Yes,NA,40,M,Tironi,Form2,Farmer
Mbuguani,sh37_4,Yes,32,16,0,4,8,4,5,3,6,7,Higher,11 or more,Somewhat,3,5,No,0,NA,NA,NA,NA,NA,6,120,Yes,CommunityMembers,No,NA,NA,NA,0,10,30,0,NA,NA,Yes,No,Yes,No,Yes,NA,50,F,Tironi,10,Farmer
Mbuguani,sh37_5,Yes,32,16,0,5,9,0,6,8,4,9,Higher,11 or more,Somewhat,4,5,No,0,NA,NA,NA,NA,NA,3,40,Yes,CommunityMembers,No,NA,NA,NA,0,10,20,1,1,CommunityMembers,No,NA,No,NA,Yes,NA,71,M,Tironi,None,Farmer
Mbuguani,sh37_6,Yes,32,16,0,6,8,2,3,5,2,10,Higher,11 or more,Completely,2,1,Yes,20,No,NA,NA,NA,NA,5,1000,Yes,CommunityMembers,No,NA,NA,NA,0,10,100,3,0,CommunityMembers,Yes,No,Yes,Yes,No,10,NA,F,Kinowa,Diploma,Government
Mbuguani,sh37_7,Yes,32,16,0,3,11,1,7,5,3,5,Higher,1-5,Somewhat,4,2,No,0,NA,NA,NA,NA,NA,3,1600,Yes,CommunityMembers,No,NA,NA,NA,0,50,100,0,NA,NA,No,NA,No,NA,Yes,NA,38,F,Tironi,Form2,Business
Mbuguani,sh37_8,Yes,32,16,0,2,12,0,5,8,4,10,Higher,1-5,Completely,1,0.5,No,0,NA,NA,NA,NA,NA,2,400,Yes,CommunityMembers,No,NA,NA,NA,2,200,400,0,NA,NA,No,NA,Yes,No,Yes,NA,38,F,Tironi,9,Farmer
Mbuguani,sh37_9,Yes,32,16,0,2,3,2,15,7,3,5,Higher,1-5,NotAtAll,3,1,No,0,NA,NA,NA,NA,NA,2,130,Yes,CommunityMembers,No,NA,NA,NA,1,15,10,1,0,CommunityMembers,No,NA,No,NA,Yes,NA,31,M,Tironi,Standard7,Business
Mbuguani,sh37_10,Yes,32,16,0,3,10,3,10,11,6,10,Higher,6-10,Completely,2,3,No,0,NA,NA,NA,NA,NA,1,60,Yes,PembanOrganization,No,NA,NA,NA,6,100,200,0,NA,NA,Yes,Yes,No,No,Yes,NA,43,M,Kinowa,Form4,Farmer
Mbuyuni,sh38_1,Yes,9,9,0,3,3,3,10,3,4,6,Higher,11 or more,Completely,2,3,Yes,10,No,NA,NA,NA,NA,2,8,Yes,OutsideOrganization,Yes,CommunityMembers,No,Increase,3,20,30,2,2,CommunityMembers,Yes,No,Yes,No,No,2,32,M,Mbuguni,Standard5,Livestock
Mbuyuni,sh38_2,Yes,9,9,0,2,3,4,5,8,3,4,Higher,11 or more,Completely,3,4,Yes,4,Yes,3,Makoongwe;Mwambani;Michenzani,3,Makoongwe;Mwambani;Michenzani,2,20,Yes,CommunityMembers,No,NA,NA,NA,0,20,50,0,NA,NA,Yes,No,No,NA,Yes,NA,39,F,Mbuyuni,Form2,Farmer
Mbuyuni,sh38_3,Yes,9,9,0,1,1,2,10,15,2,3,Higher,6-10,Somewhat,NA,NA,No,0,NA,NA,NA,NA,NA,0,0,Yes,CommunityMembers,Yes,PembanOrganization,No,Increase,0,70,100,0,NA,NA,No,NA,No,NA,No,20,54,M,Mbuyuni,Standard4,Business
Mbuyuni,sh38_4,Yes,9,9,0,2,1,1,5,10,2.5,7,Higher,1-5,Somewhat,2.5,2,No,0,NA,NA,NA,NA,NA,2,200,No,CommunityMembers,No,NA,NA,NA,0,20,50,0,NA,NA,No,NA,No,NA,Yes,NA,52,M,Mbuyuni,Standard6,Farmer
Mbuyuni,sh38_5,Yes,9,9,0,4,2,0,2.5,5,5,8,Higher,6-10,Somewhat,3,5,Yes,9,Yes,4,Shidi;Makoongwe;Ng'ombeni;Uweleni,3,Shidi;Uweleni;Shidi,0,0,Yes,CommunityMembers,Yes,CommunityMembers,Yes,Increase,90,40,75,4,4,CommunityMembers,Yes,Yes,Yes,Yes,Yes,NA,24,M,Mbuyuni,Form6,Business
Mbuyuni,sh38_6,Yes,9,9,0,1,2,2,6,5,2,4,Higher,1-5,Somewhat,2.5,3,Yes,NA,No,NA,NA,NA,NA,3,150,Yes,CommunityMembers,Yes,CommunityMembers,Yes,Increase,0,10,20,0,NA,NA,No,NA,No,NA,Yes,NA,57,M,Mbuyuni,Form5,Farmer
Mbuyuni,sh38_7,Yes,9,9,0,5,1,1,5,5,2,4.5,Higher,1-5,Somewhat,2,4,No,0,NA,NA,NA,NA,NA,3,80,Yes,CommunityMembers,Yes,Government,Yes,Increase,0,50,100,0,NA,NA,Yes,No,Yes,No,No,19,35,M,Mbuyuni,12,Fisherman
Mbuyuni,sh38_8,Yes,9,9,0,2,2,3,3,4.5,1.5,2.5,Same,NA,NA,3,4,Yes,2.5,Yes,4,Shidi;Makoongwe;Ng'ombeni;Uweleni,3,Shidi;Ng'ombeni;Makoongwe,4,20,Yes,CommunityMembers,No,NA,NA,NA,4,40,120,2,1,CommunityMembers,Yes,Yes,Yes,Yes,Yes,NA,34,M,Mbuyuni,Diploma,Fisherman
Mbuyuni,sh38_9,Yes,9,9,0,2,1,0,5,2,2,4,Higher,11 or more,Completely,1,2,No,0,NA,NA,NA,NA,NA,10,6,Yes,CommunityMembers,Yes,Government,Yes,Increase,0,30,40,0,NA,NA,No,NA,No,NA,Yes,NA,27,M,Mbuyuni,Form2,Farmer
Mbuyuni,sh38_10,No,9,9,0,3,2,0,NA,7,5,8,Higher,6-10,NA,3,5,Yes,NA,No,NA,NA,NA,NA,0,0,Yes,CommunityMembers,Yes,CommunityMembers,Yes,Increase,100,600,7,4,4,NA,Yes,Yes,Yes,Yes,No,25,38,M,Mbuyuni,Form1,Fisherman
Michenzani,sh39_1,Yes,22,11,0,1,4,4,15,17,2,10,Lower,NA,NA,6,4,Yes,15,Yes,1,Shidi,1,Shidi,10,6,Yes,CommunityMembers,Yes,CommunityMembers,No,Increase,0,20,25,5,0,TASAF,Yes,No,No,NA,Yes,NA,18,F,Takao,Form4,Business
Michenzani,sh39_2,Yes,22,11,0,3,3,5,20,6,2,10,Same,NA,NA,7,5,No,0,NA,NA,NA,NA,NA,4,16,Yes,CommunityMembers,No,NA,NA,NA,0,5,10,6,3,TASAF,Yes,No,No,NA,Yes,NA,19,F,Mchengele,Form4,Business
Michenzani,sh39_3,Yes,22,11,0,3,5,3,10,5,3,6,Same,NA,NA,7,5,No,0,NA,NA,NA,NA,NA,6,16,Yes,PembanOrganization,No,NA,NA,NA,0,100,150,0,NA,NA,Yes,No,Yes,No,No,20,28,F,Mchengele,12,Craftsman
Michenzani,sh39_4,Yes,22,11,0,2,1,2,10,20,5,30,Higher,11 or more,Completely,7,5,No,0,NA,NA,NA,NA,NA,5,15,No,NA,No,NA,NA,NA,0,10,20,1,0,OutsideOrganization,No,NA,No,NA,Yes,NA,35,F,Takao,Standard10,Farmer
Michenzani,sh39_5,Yes,22,11,0,4,3,2,10,20,5,30,Higher,6-10,Completely,4,3,No,0,NA,NA,NA,NA,NA,1,10,Yes,CommunityMembers,No,NA,NA,NA,0,20,50,0,NA,NA,No,NA,No,NA,No,50,70,F,Takao,Standard9,Farmer
Michenzani,sh39_6,Yes,22,11,0,0,7,2,10,5,7,6,Higher,11 or more,Somewhat,4,5,Yes,5,Yes,2,Makoongwe;Kisiwa Panza,0,NA,0,0,Yes,CommunityMembers,No,NA,NA,NA,0,0,0,0,NA,NA,Yes,No,No,NA,Yes,NA,35,M,Uganda,Form4,Farmer
Michenzani,sh39_7,Yes,22,11,0,2,5,2,10,2,8,15,Same,NA,NA,5,5,No,0,NA,NA,NA,NA,NA,4,3,Yes,PembanOrganization,Yes,CommunityMembers,No,Decrease,0,50,60,0,NA,NA,Yes,Yes,Yes,No,Yes,NA,34,M,Uganda,Form1,Fisherman
Michenzani,sh39_8,Yes,22,11,0,3,4,3,8,3,3,6.5,Higher,11 or more,Somewhat,2,4,No,0,NA,NA,NA,NA,NA,0,0,Yes,CommunityMembers,Yes,Government,No,Increase,0,3,2,1,0,TASAF,No,NA,Yes,No,Yes,NA,24,M,Shirikalini,Diploma,Farmer
Michenzani,sh39_9,Yes,22,11,0,3,1,0,10,20,3,7,Higher,11 or more,Somewhat,6,3,No,0,NA,NA,NA,NA,NA,6,24,Yes,CommunityMembers,Yes,CommunityMembers,Yes,Increase,0,30,4,6,2,CommunityMembers,No,NA,No,NA,Yes,NA,30,M,Uganda,None,Fisherman
Michenzani,sh39_10,Yes,22,11,0,4,4,3,8,6,4,7,Higher,11 or more,Somewhat,6,5,No,0,NA,NA,NA,NA,NA,8,105,Yes,CommunityMembers,Yes,CommunityMembers,Yes,Increase,0,50,100,0,NA,NA,Yes,No,Yes,No,Yes,NA,57,M,Kiembeni,Standard7,Fisherman
Chokocho,sh40_1,Yes,33,14,0,9,2,1,10,7,10,25,Higher,11 or more,Somewhat,2,3,No,0,NA,NA,NA,NA,NA,2,100,Yes,CommunityMembers,No,NA,NA,NA,0,50,700,0,NA,NA,Yes,No,Yes,No,No,13,32,F,Chamboni,Form4,Farmer
Chokocho,sh40_2,No,33,14,0,9,5,0,8,5,6,7,Lower,NA,NA,5,6,No,0,NA,NA,NA,NA,NA,30,20,Yes,CommunityMembers,Yes,CommunityMembers,Yes,Increase,1,100,60,0,NA,NA,No,NA,No,NA,Yes,NA,43,F,Jamboni,None,Farmer
Chokocho,sh40_3,Yes,33,14,0,4,3,0,2,2,10,14,Higher,11 or more,NotAtAll,3,2,No,0,NA,NA,NA,NA,NA,2,50,Yes,CommunityMembers,No,NA,NA,NA,0,50,100,0,NA,NA,Yes,No,No,NA,Yes,NA,63,M,Chamboni,None,Fisherman
Chokocho,sh40_4,No,33,14,0,4,9,0,5,2,7,10,Higher,11 or more,Completely,3,4,No,0,NA,NA,NA,NA,NA,3,20,Yes,CommunityMembers,Yes,CommunityMembers,Yes,Increase,3,60,100000,6,0,NA,No,NA,No,NA,Yes,NA,65,F,Chokocho,None,Farmer
Chokocho,sh40_5,Yes,33,14,0,0,1,6,10,3,8,10,Higher,1-5,NotAtAll,5,7,No,0,NA,NA,NA,NA,NA,1,50,Yes,CommunityMembers,No,NA,NA,NA,0,25,60,0,NA,NA,No,NA,No,NA,Yes,NA,50,F,Chamboni,None,Farmer
Chokocho,sh40_6,Yes,33,14,0,7,4,2,10,7,3,7,Higher,6-10,Completely,3,4,Yes,1,Yes,2,Michenzani;Kangani,2,Michenzani;Kangani,4,200,Yes,CommunityMembers,No,NA,NA,NA,10,50,150,4,0,CommunityMembers,Yes,Yes,No,NA,Yes,NA,64,M,Chamboni,Form4,Fisherman
Chokocho,sh40_7,No,33,14,0,5,0,0,1,3,5,10,Higher,11 or more,Completely,6,4,No,0,NA,NA,NA,NA,NA,2,60,Yes,Government,No,NA,NA,NA,0,NA,100,0,NA,NA,Yes,No,Yes,No,Yes,NA,40,M,Chamboni,None,Fisherman
Chokocho,sh40_8,Yes,33,14,0,10,4,0,10,10,4,7,Higher,6-10,Somewhat,4,3,No,0,NA,NA,NA,NA,NA,4,20,Yes,CommunityMembers,No,NA,NA,NA,0,50,60,0,NA,NA,Yes,No,No,NA,Yes,NA,35,F,Jamboni,Form2,Farmer
Chokocho,sh40_9,Yes,33,14,0,3,4,2,8,9,4,6,Higher,11 or more,Somewhat,4,3,Yes,6,Yes,1,Makoongwe,1,Makoongwe,1,50,Yes,CommunityMembers,No,NA,NA,NA,0,100,200,0,NA,NA,No,NA,No,NA,Yes,NA,56,M,Michecheni,Form3,Fisherman
Chokocho,sh40_10,Yes,33,14,0,0,11,0,5,7,3,7,Higher,1-5,Completely,5,6,No,0,NA,NA,NA,NA,NA,10,100,Yes,CommunityMembers,No,NA,NA,NA,0,10,30,0,NA,NA,Yes,No,Yes,Yes,Yes,NA,36,M,Michecheni,Standard10,Business
Shidi,sh41_1,Yes,20,10,0,3,6,1,4,5,3,8,Higher,11 or more,Somewhat,NA,3,Yes,3,Yes,3,Michenzani;Makoongwe;Changaweni,3,Michenzani;Makoongwe;Changaweni,0,10,Yes,CommunityMembers,Yes,CommunityMembers,Yes,Increase,3,20,100,3,2,CommunityMembers,Yes,Yes,No,NA,Yes,NA,22,F,Shidi,Form2,Business
Shidi,sh41_2,Yes,20,10,0,0,6,1,10,8,8,16,Higher,1-5,Somewhat,3,2,Yes,7,Yes,3,Michenzani;Makoongwe;Mbuyuni,2,Makoongwe;Mbuyuni,0,0,Yes,Government,Yes,CommunityMembers,Yes,Increase,20,30,100,100,100,CommunityMembers,Yes,No,No,NA,Yes,NA,42,M,Shidi,Standard8,Craftsman
Shidi,sh41_3,No,20,10,0,1,3,1,4,10,20,93,Higher,1-5,NotAtAll,1,20,Yes,20,No,NA,NA,NA,NA,61,22,Yes,CommunityMembers,Yes,CommunityMembers,Yes,Increase,0,30,20,50,66,CommunityMembers,Yes,Yes,No,No,Yes,NA,24,M,Shidi,Standard2,Farmer
Shidi,sh41_4,Yes,20,10,0,1,2,1,6,2,4,6,Higher,11 or more,Somewhat,2,3,Yes,10,Yes,5,Michenzani;Makoongwe;Mbuyuni;Changaweni;Mkanyageni,5,Michenzani;Makoongwe;Mbuyuni;Changaweni;Mkanyageni,3,50,Yes,CommunityMembers,Yes,CommunityMembers,Yes,Increase,10,10,25,2,2,CommunityMembers,Yes,Yes,No,No,Yes,NA,52,M,Mwambani,Form2,Farmer
Shidi,sh41_5,Yes,20,10,0,2,7,0,4,5,2,4.5,Higher,11 or more,Completely,2,3,Yes,30,Yes,5,Michenzani;Makoongwe;Mbuyuni;Changaweni;Mkanyageni,3,Michenzani;Makongwe;Mbuyuni,0,50,Yes,CommunityMembers,Yes,CommunityMembers,Yes,Increase,15,50,100,30,20,CommunityMembers,Yes,Yes,No,NA,Yes,NA,46,M,Mwambani,Form2,Craftsman
Shidi,sh41_6,Yes,20,10,0,1,1,1,5,3,2,6,Higher,11 or more,Somewhat,3,2,No,0,NA,NA,NA,NA,NA,1,10,Yes,CommunityMembers,Yes,CommunityMembers,No,Increase,30,50,100,30,10,TASAF,Yes,Yes,No,NA,Yes,NA,53,M,Shidi,Form3,Livestock
Shidi,sh41_7,Yes,20,10,0,2,8,0,4,6,2,4.5,Higher,11 or more,Completely,1,4,Yes,6,Yes,3,Michenzani;Mbuyuni;Makoongwe,0,NA,0,40,Yes,CommunityMembers,Yes,CommunityMembers,Yes,Increase,2,30,50,2,2,TASAF,Yes,Yes,No,NA,Yes,NA,38,F,Mwambani,Form2,Business
Shidi,sh41_8,Yes,20,10,0,5,5,0,4,8,10,20,Higher,11 or more,NotAtAll,2,3,Yes,8,No,NA,NA,NA,NA,1,7,Yes,CommunityMembers,Yes,PembanOrganization,Yes,Increase,3,100,50,2,0,TASAF,Yes,Yes,No,NA,Yes,NA,31,M,Mwambani,NA,Fisherman
Shidi,sh41_9,Yes,20,10,0,1,4,3,20,22,10,15,Higher,6-10,Somewhat,2,2,Yes,3,Yes,2,Makoongwe;Michenzani,2,Makoongwe;Michenzani,1,2,Yes,CommunityMembers,Yes,OutsideOrganization,Yes,Increase,4,10,15,12,0,TASAF,Yes,No,No,NA,Yes,NA,35,M,Mwambani,Form4,Fisherman
Shidi,sh41_10,Yes,20,10,0,0,8,2,20,13,2,6,Higher,11 or more,Completely,3,3,Yes,10,Yes,3,Michenzani;Makoongwe;Mbuyuni,3,Michenzani;Makoongwe;Mbuyuni,5,30,Yes,CommunityMembers,No,NA,NA,NA,3,100,200,2,2,OutsideOrganization,Yes,Yes,No,NA,Yes,NA,52,M,Mwambani,Form2,Fisherman
Mjimbini,sh42_1,Yes,36,4,0,1,2,1,30,6,8,11,Higher,11 or more,Completely,5,3,Yes,5,Yes,2,Kengeja;Mwambe,1,Kengeja,10,5,Yes,CommunityMembers,No,CommunityMembers,No,Increase,0,6,10,0,NA,NA,No,NA,Yes,No,Yes,NA,40,F,Sazani,Form4,Business
Mjimbini,sh42_2,Yes,36,4,0,2,2,0,4,6,2,4,Higher,1-5,Completely,3,1,Yes,15,Yes,4,Kengeja;Kangani;Kukuu;Mwambe,2,Kukuu;Kangani,3,50,Yes,CommunityMembers,Yes,CommunityMembers,Yes,Decrease,0,7,15,0,NA,NA,No,NA,No,NA,Yes,NA,40,F,Tanga,Standard10,Fisherman
Mjimbini,sh42_3,Yes,36,4,0,1,0,0,6,10,7,12,Same,11 or more,Somewhat,6,3,Yes,4,Yes,5,Kengeja;Kukuu;Kangeni;NA;NA,1,Kukuu,1,20,Yes,CommunityMembers,Yes,CommunityMembers,Yes,Increase,5,10,50,0,NA,NA,Yes,Yes,No,NA,Yes,NA,47,M,Mijinbgivi,Standard7,Farmer
Mjimbini,sh42_4,Yes,36,4,0,1,1,2,20,22,4,7,Higher,11 or more,Completely,3,1,No,0,NA,NA,NA,NA,NA,1,10,Yes,Government,Yes,Government,Yes,Increase,0,10,15,0,NA,NA,Yes,Yes,No,NA,Yes,NA,28,F,Tanga,Form2,Business
Mjimbini,sh42_5,Yes,36,4,0,1,2,0,5,6,3,6,Same,NA,NA,2,1,Yes,5,Yes,3,Kengeja;Kukuu;Nungwi,1,Nungwi,1,60,Yes,CommunityMembers,No,NA,NA,NA,2,20,100,0,NA,NA,Yes,Yes,No,NA,Yes,NA,55,M,Sokoni,Form6,Farmer
Mjimbini,sh42_6,Yes,36,4,0,2,2,0,1,5,3,4,Higher,1-5,Somewhat,2,1,Yes,5,No,NA,NA,NA,NA,1,1000,Yes,CommunityMembers,No,NA,NA,NA,0,10,15,0,NA,NA,Yes,Yes,No,NA,Yes,NA,27,M,Tanga,Form4,Fisherman
Mjimbini,sh42_7,Yes,36,4,0,0,3,0,5,7,3,30,Higher,11 or more,Somewhat,3,1,Yes,30,Yes,3,Kengeja;Gani;Wabe,0,NA,1,10,Yes,CommunityMembers,Yes,CommunityMembers,Yes,Increase,0,1000,10000,0,NA,NA,Yes,Yes,No,NA,Yes,NA,34,M,Tanga,Standard7,Farmer
Mjimbini,sh42_8,Yes,36,4,0,1,1,1,5,6,2,4,Same,NA,NA,3,1,Yes,15,No,NA,NA,NA,NA,2,10,Yes,CommunityMembers,No,NA,NA,NA,0,50,100,0,NA,NA,Yes,No,No,NA,No,7,30,F,Tanga,Standard10,Farmer
Mjimbini,sh42_9,Yes,36,4,0,1,1,1,8,5,3,5,Higher,11 or more,Completely,5,2,Yes,10,Yes,6,Kengeja;Kangani;Mtambile;Mkungu;Kukuu;Mkanyageni,0,NA,1,500,Yes,CommunityMembers,No,NA,NA,NA,0,50,100,0,NA,NA,Yes,Yes,No,NA,Yes,NA,32,M,Mchangani,Form4,Business
Mjimbini,sh42_10,Yes,36,4,0,1,1,0,2,5,1,4,Higher,6-10,Somewhat,3,1,Yes,50,Yes,4,Kengeja;Kangani;Mkungu;Mtambile,0,NA,2,200,Yes,CommunityMembers,No,NA,NA,NA,0,50,100,0,NA,NA,Yes,Yes,No,NA,Yes,NA,59,M,Miburani,Cheti-Malima,Farmer
Makombeni,sh43_1,Yes,22,14,0,7,2,2,10,5,4,12,Higher,6-10,Somewhat,3,2,No,0,NA,NA,NA,NA,NA,1,30,Yes,Government,No,NA,NA,NA,0,100,500,10,1,CommunityMembers,No,NA,No,NA,No,6,23,F,Chumbuni,Form4,Craftsman
Makombeni,sh43_2,Yes,22,14,0,2,4,0,10,12,4,10,Higher,11 or more,Completely,2,1,Yes,20,No,NA,NA,NA,NA,2,400,Yes,CommunityMembers,Yes,CommunityMembers,No,Decrease,0,30,20,2,2,CommunityMembers,Yes,No,Yes,No,Yes,NA,32,M,Katumeni,Standard10,Farmer
Makombeni,sh43_3,Yes,22,14,0,4,7,3,15,10,5,8,Higher,6-10,Completely,4,2,Yes,10,No,NA,NA,NA,NA,3,4,Yes,CommunityMembers,No,NA,NA,NA,0,3,2,2,0,CommunityMembers,No,NA,No,NA,Yes,NA,21,F,Katumeni,Kidato cha nne,Farmer
Makombeni,sh43_4,Yes,22,14,0,1,10,2,12,15,10,12,Higher,6-10,Completely,3,2,Yes,8,No,NA,NA,NA,NA,1,0,Yes,Government,No,NA,NA,NA,0,100,100,20,20,CommunityMembers,No,NA,No,NA,Yes,NA,20,F,Katumeni,Standard6,Business
Makombeni,sh43_5,Yes,22,14,0,2,8,4,20,20,8,5,Same,NA,NA,2,2,Yes,2,No,NA,NA,NA,NA,5,8,Yes,CommunityMembers,No,NA,NA,NA,0,2,2,2,1,CommunityMembers,Yes,No,Yes,No,Yes,NA,40,F,Katumeni,Standard10,Farmer
Makombeni,sh43_6,Yes,22,14,0,5,3,0,16,4,3,8,Higher,6-10,Completely,4,2,No,0,NA,NA,NA,NA,NA,0,16,Yes,CommunityMembers,No,NA,NA,NA,0,5,12,0,NA,CommunityMembers,Yes,No,Yes,No,Yes,NA,22,M,Katumeni,Diploma,Business
Makombeni,sh43_7,Yes,22,14,0,4,3,1,30,15,10,15,Same,NA,NA,10,12,Yes,5,No,NA,NA,NA,NA,1,50,Yes,CommunityMembers,Yes,CommunityMembers,Yes,Increase,0,200,100,7,4,CommunityMembers,Yes,No,No,NA,No,19,23,M,Kigonge,Form2,Craftsman
Makombeni,sh43_8,Yes,22,14,0,2,5,1,10,12,6,30,Higher,6-10,Completely,3,2,Yes,4,Yes,2,Ng'ombgeni;Mbuguani,0,NA,2,0,Yes,CommunityMembers,No,NA,NA,NA,0,0,0,1,0,CommunityMembers,Yes,Yes,No,NA,No,20,52,F,Makadara,Kidato cha tatu,Farmer
Makombeni,sh43_9,Yes,22,14,0,5,4,0,6,8,1.5,2.5,Higher,6-10,Somewhat,3,3,Yes,8,Yes,2,Ng'ombgeni;Mbuguani,1,Mbuguani,2,20,Yes,Government,Yes,Government,No,Increase,0,50,150,3,2,Government,No,NA,No,NA,Yes,NA,24,M,Ghgani,Diploma,Craftsman
Makombeni,sh43_10,Yes,22,14,0,4,6,0,5,10,2,2,Higher,11 or more,Completely,1.5,2,Yes,10,Yes,2,Ng'ombgeni;Mbuguani,0,NA,0,0,Yes,CommunityMembers,No,NA,NA,NA,0,200,200,0,NA,NA,No,NA,No,NA,Yes,NA,54,M,Mweneja,Standard11,Government